Date,Time UTC+1,Asset,AR Forecast,AR Rolling Hit-Rate,AR Alpha,AR ACD,MA Forecast,MA Rolling Hit-Rate,MA ACD,ARMA Forecast,AMRA Rolling Hit-Rate,ARMA ACD,Last Input,SD,MAD,0.25,0.5,0.75,0.8,0.9,0.95,0.99,1
16-07-16,21:32:08,EUR/USD,DOWN,65.1,0.33,-4.00E-04,DOWN,66.5,-5.00E-04,DOWN,64.6,-4.00E-04,1.11062,0.0049,0.0035,,,,,,,,
16-07-16,21:32:14,USD/JPY,UP,60.3,0.4,0.0292,UP,64.1,0.1324,UP,59.8,0.1845,105.693,0.5747,0.4151,,,,,,,,
16-07-16,21:32:20,GBP/USD,DOWN,61.2,0.24,-0.0014,UP,62.2,0.002,UP,60.3,0.0024,1.33337,0.0085,0.0051,,,,,,,,
16-07-16,21:32:26,USD/CHF,UP,63.2,0.45,1.00E-04,UP,64.6,5.00E-04,UP,66.5,1.00E-04,0.981205,0.004,0.0029,,,,,,,,
16-07-16,21:32:33,AUD/USD,UP,53.1,0.2,0,DOWN,52.6,-1.00E-04,DOWN,52.6,-1.00E-04,0.76234,0.004,0.0031,,,,,,,,
16-07-16,21:32:39,USD/CAD,UP,56.5,0.26,0,UP,58.4,1.00E-04,UP,55.5,0,1.29123,0.0059,0.0043,,,,,,,,
16-07-16,21:32:44,EUR/CHF,DOWN,54.5,0.2,-3.00E-04,DOWN,60.3,-2.00E-04,DOWN,60.3,-3.00E-04,1.08973,0.0024,0.0019,,,,,,,,
16-07-16,21:32:50,EUR/GBP,DOWN,56.9,0.33,-0.0012,DOWN,58.4,-0.0021,DOWN,58.4,-0.002,0.83296,0.0041,0.0027,,,,,,,,
16-07-16,21:32:56,NZD/USD,DOWN,56,0.19,-2.00E-04,DOWN,57.9,-0.0013,DOWN,57.9,-0.001,0.71579,0.0043,0.0034,,,,,,,,
16-07-16,21:33:02,EUR/SEK,UP,59.8,0.38,0.0126,UP,57.9,0.0128,UP,57.4,0.012,9.4574,0.0242,0.018,,,,,,,,
16-07-16,21:33:08,EUR/NOK,UP,56,0.34,0.0031,UP,54.5,0.0023,UP,55,0.0023,9.3262,0.0375,0.028,,,,,,,,
16-07-16,21:33:14,USD/SEK,UP,56.9,0.26,0.0111,UP,63.6,0.0093,UP,62.7,0.0081,8.51558,0.0401,0.0283,,,,,,,,
16-07-16,21:33:20,USD/NOK,UP,63.2,0.27,0.005,UP,62.2,0.0042,UP,62.7,0.0034,8.39743,0.0444,0.0324,,,,,,,,
16-07-16,21:33:26,EUR/JPY,DOWN,63.2,0.31,-0.0409,UP,64.6,0.0813,UP,62.2,0.1392,117.388,0.6588,0.4551,,,,,,,,
16-07-16,21:33:32,XAU/USD,DOWN,57.9,0.27,-0.5379,DOWN,59.8,-0.5667,DOWN,59.8,-0.6003,1331.14,8.5442,6.4541,,,,,,,,
16-07-16,21:33:38,XAG/USD,DOWN,55.5,0.35,-0.0235,DOWN,56.9,-0.0199,DOWN,54.5,-0.0235,20.2027,0.1704,0.1253,,,,,,,,
16-07-16,21:33:43,XPD/USD,UP,46.9,0.06,1.1225,DOWN,44,-0.0143,UP,44,0.1616,649.5,10.7267,5.6023,,,,,,,,
16-07-16,21:33:48,XPT/USD,DOWN,39.2,0.05,-0.8487,DOWN,39.2,-0.513,DOWN,39.2,-0.5697,1091.51,12.5024,7.3657,,,,,,,,
17-07-16,02:42:40,EUR/USD,DOWN,64.9,0.33,-4.00E-04,DOWN,66.3,-5.00E-04,DOWN,64.4,-4.00E-04,1.11062,0.0049,0.0035,,,,,,,,
17-07-16,02:42:45,USD/JPY,DOWN,55.1,0.1,-0.1156,DOWN,51.2,-0.0976,DOWN,52.2,-0.0681,104.808,0.6745,0.4906,,,,,,,,
17-07-16,02:42:50,GBP/USD,DOWN,61.5,0.24,-0.0014,UP,62.5,0.002,UP,60.6,0.0024,1.33337,0.0086,0.0052,,,,,,,,
17-07-16,02:42:55,USD/CHF,UP,63,0.45,1.00E-04,UP,64.4,5.00E-04,UP,66.3,1.00E-04,0.981205,0.004,0.0029,,,,,,,,
17-07-16,02:43:01,AUD/USD,UP,52.9,0.2,0,DOWN,52.9,-1.00E-04,DOWN,52.9,-1.00E-04,0.76234,0.004,0.0031,,,,,,,,
17-07-16,02:43:06,USD/CAD,UP,56.7,0.26,0,UP,58.7,1.00E-04,UP,55.8,0,1.29123,0.006,0.0043,,,,,,,,
17-07-16,02:43:11,EUR/CHF,DOWN,54.8,0.2,-3.00E-04,DOWN,60.6,-2.00E-04,DOWN,60.6,-3.00E-04,1.08973,0.0024,0.0019,,,,,,,,
17-07-16,02:43:17,EUR/GBP,DOWN,56.7,0.33,-0.0012,DOWN,58.2,-0.0021,DOWN,58.2,-0.002,0.83296,0.0041,0.0027,,,,,,,,
17-07-16,02:43:22,NZD/USD,DOWN,56.2,0.19,-3.00E-04,DOWN,58.2,-0.0013,DOWN,58.2,-0.001,0.71579,0.0043,0.0034,,,,,,,,
17-07-16,02:43:27,EUR/SEK,UP,59.6,0.38,0.0126,UP,57.7,0.0128,UP,57.2,0.012,9.4574,0.0241,0.018,,,,,,,,
17-07-16,02:43:32,EUR/NOK,UP,55.8,0.33,0.0032,UP,54.3,0.0023,UP,54.8,0.0023,9.3262,0.0374,0.0278,,,,,,,,
17-07-16,02:43:38,USD/SEK,UP,57.2,0.26,0.0111,UP,63.9,0.0093,UP,63,0.0081,8.51558,0.0402,0.0284,,,,,,,,
17-07-16,02:43:43,USD/NOK,UP,63.5,0.26,0.005,UP,62.5,0.0041,UP,63,0.0034,8.39743,0.0444,0.0325,,,,,,,,
17-07-16,02:43:48,EUR/JPY,DOWN,63,0.31,-0.0446,UP,64.4,0.0813,UP,62,0.1393,117.388,0.6588,0.4546,,,,,,,,
17-07-16,02:43:54,XAU/USD,DOWN,57.7,0.27,-0.5449,DOWN,59.6,-0.573,DOWN,59.6,-0.6049,1331.14,8.558,6.4698,,,,,,,,
17-07-16,02:44:00,XAG/USD,DOWN,55.3,0.36,-0.0237,DOWN,57.2,-0.0201,DOWN,54.8,-0.0237,20.2027,0.1707,0.1257,,,,,,,,
17-07-16,02:44:04,XPD/USD,UP,47.1,0.06,1.1224,DOWN,43.8,-0.0143,UP,43.8,0.1678,649.5,10.7442,5.6206,,,,,,,,
17-07-16,02:44:09,XPT/USD,DOWN,39.4,0.05,-0.8488,DOWN,38.9,-0.513,DOWN,38.9,-0.5697,1091.51,12.5228,7.3897,,,,,,,,
18-07-16,07:45:16,EUR/USD,UP,48.6,-0.04,7.00E-04,UP,47.6,0,DOWN,51,-7.00E-04,1.10631,0.0063,0.0044,,,,,,,,
18-07-16,07:45:29,USD/JPY,DOWN,54.8,0.09,-0.0067,DOWN,51,-0.0147,UP,51.9,0.0051,105.391,0.6747,0.4912,,,,,,,,
18-07-16,07:45:39,GBP/USD,DOWN,54.8,-0.12,-0.0028,UP,57.2,1.00E-04,UP,57.2,7.00E-04,1.32271,0.0115,0.0065,,,,,,,,
18-07-16,07:45:47,USD/CHF,UP,51.9,0.14,0,UP,51.9,0,UP,51.9,0,0.98301,0.0049,0.0036,,,,,,,,
18-07-16,07:45:58,AUD/USD,UP,47.1,-0.1,0,UP,51,0,UP,49.5,0,0.75934,0.005,0.0038,,,,,,,,
18-07-16,07:46:06,USD/CAD,DOWN,46.6,-0.03,-5.00E-04,UP,47.6,0,DOWN,47.6,-1.00E-04,1.29414,0.0074,0.0055,,,,,,,,
18-07-16,07:46:16,EUR/CHF,UP,52.9,-0.2,0.001,UP,53.8,0,UP,53.8,4.00E-04,1.08742,0.0035,0.0025,,,,,,,,
18-07-16,07:46:25,EUR/GBP,UP,46.6,-0.05,5.00E-04,UP,46.6,0,DOWN,46.6,-2.00E-04,0.83621,0.0053,0.0035,,,,,,,,
18-07-16,07:46:32,NZD/USD,UP,53.4,-0.06,1.00E-04,UP,43.8,0,UP,43.8,4.00E-04,0.70948,0.0052,0.004,,,,,,,,
18-07-16,07:46:42,EUR/SEK,UP,51.9,-0.11,0.001,DOWN,51,-1.00E-04,DOWN,51,-6.00E-04,9.45924,0.0332,0.0242,,,,,,,,
18-07-16,07:46:50,EUR/NOK,DOWN,45.2,-0.07,-0.0027,UP,51,0,DOWN,51,-0.0012,9.34812,0.0504,0.0378,,,,,,,,
18-07-16,07:47:01,USD/SEK,DOWN,54.8,-0.1,-0.0048,UP,52.4,0,DOWN,52.9,-0.0017,8.54901,0.0524,0.0346,,,,,,,,
18-07-16,07:47:08,USD/NOK,DOWN,51.4,-0.13,-0.0068,UP,51.9,0,DOWN,51.9,-0.003,8.44818,0.061,0.0437,,,,,,,,
18-07-16,07:47:16,EUR/JPY,DOWN,49,-0.07,-0.0444,UP,51,0.0014,UP,51,0.0703,116.648,0.8663,0.5638,,,,,,,,
18-07-16,07:47:25,XAU/USD,UP,50.5,-0.05,0.0194,DOWN,51.4,-0.0915,DOWN,51.4,-0.0028,1329.912,10.912,7.7431,,,,,,,,
18-07-16,07:47:34,XAG/USD,DOWN,46.6,0.04,-6.00E-04,UP,41.8,0.001,UP,41.8,9.00E-04,20.00156,0.2158,0.1553,,,,,,,,
18-07-16,07:47:43,XPD/USD,UP,46.9,0.04,0.0295,UP,48.3,0.0204,UP,48.3,0.0158,641.975,10.5847,7.8348,,,,,,,,
18-07-16,07:47:53,XPT/USD,UP,51,0.07,0.9719,UP,54.3,0.1906,UP,52.4,0.2435,1086.549,12.1852,9.3042,,,,,,,,
18-07-16,20:31:23,EUR/USD,UP,48.6,-0.04,7.00E-04,UP,47.6,0,DOWN,51,-7.00E-04,1.10631,0.0063,0.0044,,,,,,,,
18-07-16,20:31:27,USD/JPY,DOWN,54.8,0.09,-0.0067,DOWN,51,-0.0147,UP,51.9,0.0051,105.391,0.6747,0.4912,,,,,,,,
18-07-16,20:31:31,GBP/USD,DOWN,54.8,-0.12,-0.0028,UP,57.2,1.00E-04,UP,57.2,7.00E-04,1.32271,0.0115,0.0065,,,,,,,,
18-07-16,20:31:35,USD/CHF,UP,51.9,0.14,0,UP,51.9,0,UP,51.9,0,0.98301,0.0049,0.0036,,,,,,,,
18-07-16,20:31:39,AUD/USD,UP,47.1,-0.1,0,UP,51,0,UP,49.5,0,0.75934,0.005,0.0038,,,,,,,,
18-07-16,20:31:42,USD/CAD,DOWN,46.6,-0.03,-5.00E-04,UP,47.6,0,DOWN,47.6,-1.00E-04,1.29414,0.0074,0.0055,,,,,,,,
18-07-16,20:31:46,EUR/CHF,UP,52.9,-0.2,0.001,UP,53.8,0,UP,53.8,4.00E-04,1.08742,0.0035,0.0025,,,,,,,,
18-07-16,20:31:50,EUR/GBP,UP,46.6,-0.05,5.00E-04,UP,46.6,0,DOWN,46.6,-2.00E-04,0.83621,0.0053,0.0035,,,,,,,,
18-07-16,20:31:53,NZD/USD,UP,53.4,-0.06,1.00E-04,UP,43.8,0,UP,43.8,4.00E-04,0.70948,0.0052,0.004,,,,,,,,
18-07-16,20:31:57,EUR/SEK,UP,51.9,-0.11,0.001,DOWN,51,-1.00E-04,DOWN,51,-6.00E-04,9.45924,0.0332,0.0242,,,,,,,,
18-07-16,20:32:00,EUR/NOK,DOWN,45.2,-0.07,-0.0027,UP,51,0,DOWN,51,-0.0012,9.34812,0.0504,0.0378,,,,,,,,
18-07-16,20:32:05,USD/SEK,DOWN,54.8,-0.1,-0.0048,UP,52.4,0,DOWN,52.9,-0.0017,8.54901,0.0524,0.0346,,,,,,,,
18-07-16,20:32:08,USD/NOK,DOWN,51.4,-0.13,-0.0068,UP,51.9,0,DOWN,51.9,-0.003,8.44818,0.061,0.0437,,,,,,,,
18-07-16,20:32:11,EUR/JPY,DOWN,49,-0.07,-0.0444,UP,51,0.0014,UP,51,0.0703,116.648,0.8663,0.5638,,,,,,,,
18-07-16,20:32:14,XAU/USD,UP,50.5,-0.05,0.0194,DOWN,51.4,-0.0915,DOWN,51.4,-0.0028,1329.912,10.912,7.7431,,,,,,,,
18-07-16,20:32:18,XAG/USD,DOWN,46.6,0.04,-6.00E-04,UP,41.8,0.001,UP,41.8,9.00E-04,20.00156,0.2158,0.1553,,,,,,,,
18-07-16,20:32:22,XPD/USD,UP,46.9,0.04,0.0295,UP,48.3,0.0204,UP,48.3,0.0158,641.975,10.5847,7.8348,,,,,,,,
18-07-16,20:32:26,XPT/USD,UP,51,0.07,0.9719,UP,54.3,0.1906,UP,52.4,0.2435,1086.549,12.1852,9.3042,,,,,,,,
18-07-16,21:53:09,EUR/USD,UP,48.1,-0.04,7.00E-04,UP,47.1,0,DOWN,50.5,-9.00E-04,1.10718,0.0063,0.0044,,,,,,,,
18-07-16,21:53:14,USD/JPY,UP,54.3,0.1,0.0598,UP,51.4,0.0531,UP,52.4,0.0887,106.147,0.676,0.4931,,,,,,,,
18-07-16,21:53:18,GBP/USD,DOWN,54.8,-0.12,-0.0028,UP,57.2,1.00E-04,UP,57.2,7.00E-04,1.32271,0.0115,0.0065,,,,,,,,
18-07-16,21:53:21,USD/CHF,UP,51.9,0.14,0,UP,51.9,0,UP,51.9,0,0.98301,0.0049,0.0036,,,,,,,,
18-07-16,21:53:26,AUD/USD,UP,47.1,-0.1,0,UP,51,0,UP,49.5,0,0.75934,0.005,0.0038,,,,,,,,
18-07-16,21:53:29,USD/CAD,DOWN,46.6,-0.03,-5.00E-04,UP,47.6,0,DOWN,47.6,-1.00E-04,1.29414,0.0074,0.0055,,,,,,,,
18-07-16,21:53:33,EUR/CHF,UP,52.9,-0.2,0.001,UP,53.8,0,UP,53.8,4.00E-04,1.08742,0.0035,0.0025,,,,,,,,
18-07-16,21:53:37,EUR/GBP,UP,46.6,-0.05,5.00E-04,UP,46.6,0,DOWN,46.6,-2.00E-04,0.83621,0.0053,0.0035,,,,,,,,
18-07-16,21:53:40,NZD/USD,UP,53.4,-0.06,1.00E-04,UP,43.8,0,UP,43.8,4.00E-04,0.70948,0.0052,0.004,,,,,,,,
18-07-16,21:53:45,EUR/SEK,UP,51.9,-0.11,0.001,DOWN,51,-1.00E-04,DOWN,51,-6.00E-04,9.45924,0.0332,0.0242,,,,,,,,
18-07-16,21:53:48,EUR/NOK,DOWN,45.2,-0.07,-0.0027,UP,51,0,DOWN,51,-0.0012,9.34812,0.0504,0.0378,,,,,,,,
18-07-16,21:53:53,USD/SEK,DOWN,54.8,-0.1,-0.0048,UP,52.4,0,DOWN,52.9,-0.0017,8.54901,0.0524,0.0346,,,,,,,,
18-07-16,21:53:56,USD/NOK,DOWN,51.4,-0.13,-0.0068,UP,51.9,0,DOWN,51.9,-0.003,8.44818,0.061,0.0437,,,,,,,,
18-07-16,21:53:59,EUR/JPY,DOWN,49,-0.07,-0.0444,UP,51,0.0014,UP,51,0.0703,116.648,0.8663,0.5638,,,,,,,,
18-07-16,21:54:03,XAU/USD,UP,50.5,-0.05,0.0194,DOWN,51.4,-0.0915,DOWN,51.4,-0.0028,1329.912,10.912,7.7431,,,,,,,,
18-07-16,21:54:07,XAG/USD,DOWN,46.6,0.04,-6.00E-04,UP,41.8,0.001,UP,41.8,9.00E-04,20.00156,0.2158,0.1553,,,,,,,,
18-07-16,21:54:11,XPD/USD,UP,46.9,0.04,0.0295,UP,48.3,0.0204,UP,48.3,0.0158,641.975,10.5847,7.8348,,,,,,,,
18-07-16,21:54:15,XPT/USD,UP,51,0.07,0.9719,UP,54.3,0.1906,UP,52.4,0.2435,1086.549,12.1852,9.3042,,,,,,,,
18-07-16,22:29:31,EUR/USD,UP,48.1,-0.04,7.00E-04,UP,47.1,0,DOWN,50.5,-9.00E-04,1.10718,0.0063,0.0044,,,,,,,,
18-07-16,22:29:35,USD/JPY,UP,54.3,0.1,0.0598,UP,51.4,0.0531,UP,52.4,0.0887,106.147,0.676,0.4931,,,,,,,,
18-07-16,22:29:40,GBP/USD,DOWN,54.3,-0.12,-0.0032,DOWN,56.7,-2.00E-04,UP,56.7,3.00E-04,1.32573,0.0115,0.0065,,,,,,,,
18-07-16,22:29:43,USD/CHF,DOWN,51.9,0.14,-1.00E-04,DOWN,51.9,-1.00E-04,DOWN,51.9,-1.00E-04,0.98241,0.0049,0.0036,,,,,,,,
18-07-16,22:29:47,AUD/USD,DOWN,46.6,-0.1,-1.00E-04,DOWN,50.5,-1.00E-04,UP,49,0,0.7601,0.005,0.0038,,,,,,,,
18-07-16,22:29:51,USD/CAD,DOWN,46.6,-0.03,-5.00E-04,UP,47.6,0,DOWN,47.6,-1.00E-04,1.29406,0.0074,0.0055,,,,,,,,
18-07-16,22:29:55,EUR/CHF,UP,52.4,-0.2,9.00E-04,DOWN,53.4,-1.00E-04,UP,53.4,3.00E-04,1.0879,0.0035,0.0025,,,,,,,,
18-07-16,22:29:58,EUR/GBP,UP,47.1,-0.05,6.00E-04,UP,46.2,0,DOWN,46.2,-1.00E-04,0.83516,0.0053,0.0035,,,,,,,,
18-07-16,22:30:02,NZD/USD,UP,53.8,-0.06,0,DOWN,44.2,-1.00E-04,UP,44.2,2.00E-04,0.7117,0.0052,0.004,,,,,,,,
18-07-16,22:30:06,EUR/SEK,DOWN,51.9,-0.11,-4.00E-04,DOWN,51,-0.0017,DOWN,51,-0.0022,9.47212,0.0332,0.0242,,,,,,,,
18-07-16,22:30:09,EUR/NOK,DOWN,45.2,-0.07,-0.0025,UP,51,2.00E-04,DOWN,51,-0.001,9.34505,0.0504,0.0378,,,,,,,,
18-07-16,22:30:13,USD/SEK,DOWN,54.8,-0.1,-0.0054,DOWN,52.4,-5.00E-04,DOWN,52.9,-0.0023,8.55507,0.0524,0.0347,,,,,,,,
18-07-16,22:30:16,USD/NOK,DOWN,51.4,-0.13,-0.0059,UP,51.9,0.001,DOWN,51.9,-0.0021,8.4409,0.061,0.0437,,,,,,,,
18-07-16,22:30:20,EUR/JPY,DOWN,48.6,-0.07,-0.1195,DOWN,50.5,-0.057,DOWN,50.5,-0.0138,117.572,0.8679,0.5663,,,,,,,,
18-07-16,22:30:23,XAU/USD,UP,50.5,-0.05,0.0477,DOWN,51.4,-0.0646,UP,51.4,0.003,1329.36,10.9118,7.7414,,,,,,,,
18-07-16,22:30:27,XAG/USD,UP,46.6,0.04,0.0013,UP,41.8,0.003,UP,41.8,0.0028,20.05732,0.2158,0.1554,,,,,,,,
18-07-16,22:30:31,XPD/USD,UP,46.9,0.04,0.1961,UP,48.3,0.1829,UP,48.3,0.1766,646.169,10.5877,7.8485,,,,,,,,
18-07-16,22:30:35,XPT/USD,UP,51,0.06,1.6162,UP,54.3,0.8724,UP,52.4,0.9387,1096.559,12.2039,9.3369,,,,,,,,
18-07-16,22:30:41,SPX500/USD,UP,41.3,-0.02,0.0848,DOWN,45.7,-0.0535,UP,48.1,0.0878,2165.1,18.4216,13.1173,,,,,,,,
18-07-16,22:30:45,WTICO_USD,UP,47.6,-0.1,0.0044,UP,50.5,0.0705,UP,50.5,0.0571,45.186,1.0614,0.8179,,,,,,,,
18-07-16,22:30:50,BCO/USD,UP,49.3,-0.11,0.0264,UP,52.2,0.0843,n.a.,52.2,0.0039,46.729,1.0995,0.8386,,,,,,,,
19-07-16,07:45:15,EUR/USD,UP,47.8,-0.04,3.00E-04,UP,47.3,0,UP,50.2,8.00E-04,1.10748,0.0063,0.0044,,,,,,,,
19-07-16,07:45:28,USD/JPY,UP,54.1,0.1,0.0876,DOWN,52.2,-0.0011,UP,53.1,0.0143,105.79,0.676,0.4921,,,,,,,,
19-07-16,07:45:38,GBP/USD,UP,55.1,-0.12,0.0033,UP,57,0,DOWN,57,-2.00E-04,1.32149,0.0115,0.0065,,,,,,,,
19-07-16,07:45:46,USD/CHF,UP,51.5,0.14,0,UP,51.5,0,UP,51.5,0,0.98291,0.0049,0.0036,,,,,,,,
19-07-16,07:45:56,AUD/USD,DOWN,47.3,-0.1,-1.00E-04,UP,51.2,0,DOWN,49.8,-1.00E-04,0.75254,0.0051,0.0039,,,,,,,,
19-07-16,07:46:04,USD/CAD,UP,47.3,-0.03,4.00E-04,UP,46.9,0,UP,46.9,2.00E-04,1.29794,0.0074,0.0055,,,,,,,,
19-07-16,07:46:14,EUR/CHF,UP,53.1,-0.21,6.00E-04,DOWN,53.1,-1.00E-04,DOWN,53.1,-1.00E-04,1.08864,0.0035,0.0025,,,,,,,,
19-07-16,07:46:23,EUR/GBP,DOWN,46.9,-0.05,-1.00E-04,UP,46.4,0,UP,46.4,1.00E-04,0.83799,0.0053,0.0035,,,,,,,,
19-07-16,07:46:30,NZD/USD,UP,53.1,-0.06,7.00E-04,UP,43.5,0,UP,43.5,5.00E-04,0.70317,0.0052,0.004,,,,,,,,
19-07-16,07:46:40,EUR/SEK,DOWN,51.7,-0.11,-0.0011,DOWN,50.2,-3.00E-04,DOWN,50.2,-0.0033,9.47605,0.0333,0.0242,,,,,,,,
19-07-16,07:46:48,EUR/NOK,DOWN,44.9,-0.07,-2.00E-04,DOWN,49.8,-1.00E-04,UP,49.8,0.0011,9.35889,0.0505,0.0378,,,,,,,,
19-07-16,07:46:58,USD/SEK,DOWN,54.6,-0.1,-0.0026,DOWN,52.2,-1.00E-04,UP,52.7,8.00E-04,8.55652,0.0525,0.0347,,,,,,,,
19-07-16,07:47:06,USD/NOK,DOWN,52.2,-0.13,-0.005,DOWN,51.2,-1.00E-04,UP,51.2,0.0013,8.45141,0.0611,0.0438,,,,,,,,
19-07-16,07:47:13,EUR/JPY,UP,49.3,-0.07,0.3126,DOWN,51.2,-9.00E-04,DOWN,51.2,-0.0066,117.142,0.8682,0.5667,,,,,,,,
19-07-16,07:47:22,XAU/USD,UP,50.2,-0.05,0.0314,UP,51.7,0.0132,UP,51.7,0.013,1329.62,10.9001,7.7195,,,,,,,,
19-07-16,07:47:30,XAG/USD,DOWN,47.3,0.04,-0.0118,DOWN,42.5,-1.00E-04,DOWN,42.5,-1.00E-04,19.89198,0.2162,0.1558,,,,,,,,
19-07-16,07:47:39,XPD/USD,DOWN,46.6,0.04,-0.3239,DOWN,49.5,-0.0206,DOWN,49.5,-0.0207,640.45,10.5977,7.8407,,,,,,,,
19-07-16,07:47:50,XPT/USD,DOWN,50.7,0.07,-0.9787,DOWN,54.1,-0.1369,DOWN,52.2,-0.3018,1088.958,12.194,9.3067,,,,,,,,
19-07-16,07:48:00,SPX500/USD,UP,41.5,-0.02,0.5264,UP,46.4,0.0129,DOWN,47.8,-0.0227,2162.6,18.4107,13.0863,,,,,,,,
19-07-16,07:48:10,WTICO_USD,DOWN,47.8,-0.1,-0.0353,UP,50.2,0.0054,DOWN,50.2,-0.0376,44.998,1.0632,0.819,,,,,,,,
19-07-16,07:48:18,BCO/USD,DOWN,49,-0.12,-0.1169,UP,52.4,0.0074,DOWN,52.4,-0.0499,46.571,1.1009,0.8392,,,,,,,,
20-07-16,07:47:18,EUR/USD,DOWN,48.1,-0.04,-5.00E-04,UP,47.6,0,DOWN,50.5,-0.001,1.10157,0.0063,0.0044,,,,,,,,
20-07-16,07:47:32,USD/JPY,DOWN,54.3,0.1,-0.0366,UP,52.4,2.00E-04,UP,53.4,0.0138,106.046,0.6751,0.4913,,,,,,,,
20-07-16,07:47:42,GBP/USD,DOWN,54.8,-0.12,-0.002,UP,56.7,1.00E-04,DOWN,56.7,-3.00E-04,1.31083,0.0115,0.0065,,,,,,,,
20-07-16,07:47:50,USD/CHF,UP,51.4,0.14,0,DOWN,51,-1.00E-04,UP,51,0,0.9857,0.0049,0.0036,,,,,,,,
20-07-16,07:48:01,AUD/USD,DOWN,47.1,-0.1,-1.00E-04,UP,50.5,1.00E-04,UP,49,0,0.74983,0.0051,0.0038,,,,,,,,
20-07-16,07:48:10,USD/CAD,DOWN,46.6,-0.03,-2.00E-04,UP,47.1,0,UP,47.1,0,1.30201,0.0074,0.0055,,,,,,,,
20-07-16,07:48:20,EUR/CHF,DOWN,52.4,-0.21,-7.00E-04,UP,53.4,1.00E-04,DOWN,53.4,-1.00E-04,1.08572,0.0035,0.0025,,,,,,,,
20-07-16,07:48:29,EUR/GBP,UP,46.6,-0.05,2.00E-04,UP,46.2,0,UP,46.2,0,0.8403,0.0053,0.0035,,,,,,,,
20-07-16,07:48:37,NZD/USD,DOWN,53.8,-0.06,-2.00E-04,UP,43.8,0,UP,43.8,2.00E-04,0.70577,0.0052,0.004,,,,,,,,
20-07-16,07:48:47,EUR/SEK,DOWN,51.9,-0.11,-0.0023,DOWN,50.5,-2.00E-04,DOWN,50.5,-0.0035,9.48503,0.0332,0.0242,,,,,,,,
20-07-16,07:48:55,EUR/NOK,DOWN,45.2,-0.07,-9.00E-04,UP,50.5,0,DOWN,50.5,-8.00E-04,9.35587,0.0504,0.0377,,,,,,,,
20-07-16,07:49:07,USD/SEK,UP,54.3,-0.1,0.0029,DOWN,51.9,-6.00E-04,UP,52.4,0.0015,8.61151,0.0525,0.0348,,,,,,,,
20-07-16,07:49:15,USD/NOK,UP,51.9,-0.13,0.0022,DOWN,51,-9.00E-04,UP,51,0.0015,8.49493,0.061,0.0438,,,,,,,,
20-07-16,07:49:23,EUR/JPY,DOWN,49.5,-0.07,-0.1951,UP,51.4,9.00E-04,DOWN,51.4,-0.0092,116.8,0.867,0.566,,,,,,,,
20-07-16,07:49:32,XAU/USD,DOWN,49.5,-0.05,-0.0099,UP,51.4,0.0164,DOWN,51.4,-0.0019,1331.302,10.8824,7.7003,,,,,,,,
20-07-16,07:49:41,XAG/USD,DOWN,46.6,0.04,-0.0076,UP,42.3,2.00E-04,UP,42.3,2.00E-04,19.90806,0.2159,0.1553,,,,,,,,
20-07-16,07:49:51,XPD/USD,DOWN,47.3,0.04,-0.2111,DOWN,49.3,-0.0144,DOWN,49.3,-0.2067,653.521,10.6038,7.8543,,,,,,,,
20-07-16,07:50:02,XPT/USD,DOWN,51,0.07,-0.2782,UP,54.3,0.0174,UP,52.4,0.1656,1086.896,12.1756,9.2831,,,,,,,,
20-07-16,07:50:13,SPX500/USD,DOWN,41.3,-0.02,-0.7263,UP,46.6,0.0017,UP,48.1,0.0195,2163.2,18.3805,13.0417,,,,,,,,
20-07-16,07:50:23,WTICO_USD,UP,47.6,-0.1,0.0612,UP,49.5,0.0044,UP,49.5,0.0129,44.852,1.0615,0.8166,,,,,,,,
20-07-16,07:50:38,BCO/USD,UP,49.3,-0.12,0.0532,UP,52.7,0.0027,UP,52.7,0.0238,46.573,1.0991,0.8366,,,,,,,,
21-07-16,07:45:16,EUR/USD,UP,48.3,-0.04,4.00E-04,UP,47.8,0,UP,50.7,9.00E-04,1.10337,0.0063,0.0044,,,,,,,,
21-07-16,07:45:29,USD/JPY,UP,54.1,0.1,0.0686,DOWN,52.2,-0.01,UP,53.1,0.0355,107.068,0.677,0.4932,,,,,,,,
21-07-16,07:45:40,GBP/USD,UP,55,-0.12,0.0014,DOWN,56.9,-2.00E-04,UP,56.9,5.00E-04,1.32335,0.0115,0.0066,,,,,,,,
21-07-16,07:45:48,USD/CHF,UP,51.2,0.14,1.00E-04,UP,51.2,0,UP,51.2,0,0.98441,0.0049,0.0035,,,,,,,,
21-07-16,07:45:59,AUD/USD,DOWN,46.9,-0.1,-1.00E-04,UP,50.7,0,UP,49.3,0,0.74918,0.005,0.0038,,,,,,,,
21-07-16,07:46:08,USD/CAD,UP,46.9,-0.03,0,UP,47.4,0,UP,47.4,1.00E-04,1.30403,0.0074,0.0055,,,,,,,,
21-07-16,07:46:18,EUR/CHF,UP,52.6,-0.21,0,UP,54.1,0,UP,54.1,0,1.08637,0.0035,0.0025,,,,,,,,
21-07-16,07:46:27,EUR/GBP,DOWN,46.9,-0.05,-4.00E-04,UP,46.4,0,DOWN,46.4,-1.00E-04,0.83328,0.0053,0.0035,,,,,,,,
21-07-16,07:46:35,NZD/USD,UP,53.1,-0.06,6.00E-04,UP,44,1.00E-04,UP,44,5.00E-04,0.6982,0.0052,0.004,,,,,,,,
21-07-16,07:46:44,EUR/SEK,UP,51.7,-0.11,0.0023,UP,50.2,2.00E-04,DOWN,50.2,-0.0019,9.46948,0.0332,0.0241,,,,,,,,
21-07-16,07:46:53,EUR/NOK,UP,45.5,-0.07,5.00E-04,UP,50.7,1.00E-04,UP,50.7,8.00E-04,9.35847,0.0503,0.0376,,,,,,,,
21-07-16,07:47:04,USD/SEK,DOWN,54.5,-0.1,-0.0035,UP,52.2,3.00E-04,DOWN,52.6,-0.0015,8.5807,0.0524,0.0348,,,,,,,,
21-07-16,07:47:11,USD/NOK,DOWN,52.2,-0.13,-0.0038,UP,51.7,3.00E-04,DOWN,51.7,-0.001,8.48084,0.0609,0.0437,,,,,,,,
21-07-16,07:47:19,EUR/JPY,UP,49.8,-0.07,0.0889,UP,51.7,0.0064,UP,51.7,0.0592,117.982,0.8695,0.5692,,,,,,,,
21-07-16,07:47:28,XAU/USD,UP,49.8,-0.05,0.2,DOWN,51.7,-0.0272,UP,51.7,0.1185,1316.46,10.9097,7.7323,,,,,,,,
21-07-16,07:47:37,XAG/USD,UP,46.9,0.03,5.00E-04,UP,41.6,0.0016,UP,41.6,0.0012,19.31934,0.2184,0.1568,,,,,,,,
21-07-16,07:47:46,XPD/USD,UP,47.6,0.04,0.511,UP,49.5,0.054,DOWN,49.5,-0.0882,669.465,10.6177,7.8807,,,,,,,,
21-07-16,07:47:56,XPT/USD,UP,50.7,0.07,0.9251,UP,54.1,0.1786,UP,52.2,0.2979,1080.768,12.1658,9.2859,,,,,,,,
21-07-16,07:48:07,SPX500/USD,UP,42.1,-0.02,0.457,UP,46.4,0.0057,UP,47.8,0.1163,2172.3,18.3581,13.0315,,,,,,,,
21-07-16,07:48:17,WTICO_USD,UP,46.9,-0.1,0.0228,DOWN,49.8,-0.003,UP,49.8,0.0099,45.198,1.0599,0.8149,,,,,,,,
21-07-16,07:48:26,BCO/USD,UP,49,-0.12,0.076,DOWN,51.9,-0.009,UP,51.9,0.0189,47.183,1.0979,0.8357,,,,,,,,
22-07-16,18:52:41,EUR/USD,UP,48.3,-0.04,2.00E-04,UP,47.4,0,DOWN,50.2,-9.00E-04,1.10295,0.0063,0.0044,,,,,,,,
22-07-16,18:52:55,USD/JPY,DOWN,53.6,0.09,-0.1752,UP,52.6,8.00E-04,DOWN,53.6,-0.0383,105.697,0.6806,0.4976,,,,,,,,
22-07-16,18:53:05,GBP/USD,UP,55,-0.12,0.0019,UP,57.4,0,DOWN,57.4,-1.00E-04,1.32232,0.0115,0.0066,,,,,,,,
22-07-16,18:53:14,USD/CHF,UP,52.2,0.14,0,UP,50.2,0,UP,50.2,0,0.98444,0.0049,0.0035,,,,,,,,
22-07-16,18:53:25,AUD/USD,DOWN,46.9,-0.1,-1.00E-04,UP,50.2,0,UP,48.8,0,0.74801,0.005,0.0038,,,,,,,,
22-07-16,18:53:34,USD/CAD,UP,46.9,-0.03,2.00E-04,UP,47.4,0,UP,47.4,1.00E-04,1.31042,0.0074,0.0055,,,,,,,,
22-07-16,18:53:44,EUR/CHF,UP,52.6,-0.21,2.00E-04,UP,53.1,0,UP,53.1,0,1.0859,0.0035,0.0025,,,,,,,,
22-07-16,18:53:53,EUR/GBP,DOWN,46.9,-0.05,-3.00E-04,UP,46.9,0,UP,46.9,0,0.83396,0.0053,0.0035,,,,,,,,
22-07-16,18:54:01,NZD/USD,UP,54.1,-0.06,0,UP,44.5,0,UP,44.5,1.00E-04,0.70036,0.0052,0.004,,,,,,,,
22-07-16,18:54:11,EUR/SEK,UP,52.2,-0.11,0.0014,DOWN,50.7,-1.00E-04,DOWN,50.7,-0.002,9.47393,0.0332,0.0242,,,,,,,,
22-07-16,18:54:20,EUR/NOK,DOWN,45,-0.06,-1.00E-04,UP,49.8,0,DOWN,49.8,-2.00E-04,9.36466,0.0503,0.0375,,,,,,,,
22-07-16,18:54:31,USD/SEK,DOWN,55,-0.1,-0.0011,UP,52.6,1.00E-04,UP,53.1,0.001,8.58748,0.0523,0.0346,,,,,,,,
22-07-16,18:54:39,USD/NOK,DOWN,53.1,-0.13,-0.0013,UP,51.7,0,UP,51.7,0.001,8.48894,0.0609,0.0436,,,,,,,,
22-07-16,18:54:47,EUR/JPY,DOWN,49.8,-0.08,-0.0932,UP,51.7,0.015,DOWN,51.7,-0.0468,116.591,0.8712,0.5707,,,,,,,,
22-07-16,18:54:56,XAU/USD,DOWN,50.2,-0.05,-0.1906,DOWN,51.7,-0.0284,DOWN,51.7,-0.1071,1327.407,10.9287,7.7609,,,,,,,,
22-07-16,18:55:06,XAG/USD,DOWN,46.9,0.02,-0.0363,DOWN,42.1,-1.00E-04,UP,42.1,0,19.75396,0.2199,0.1582,,,,,,,,
22-07-16,18:55:15,XPD/USD,UP,47.1,0.05,0.6425,DOWN,49.5,-0.0462,DOWN,49.5,-0.029,681.053,10.6314,7.8897,,,,,,,,
22-07-16,18:55:26,XPT/USD,DOWN,50.7,0.06,-1.3256,DOWN,54.1,-0.1206,DOWN,52.2,-0.6774,1098.29,12.2166,9.3395,,,,,,,,
22-07-16,18:55:38,SPX500/USD,DOWN,42.1,-0.02,-0.6967,UP,46.4,0.0164,DOWN,47.8,-0.1227,2162.3,18.3659,13.0532,,,,,,,,
22-07-16,18:55:48,WTICO_USD,DOWN,46.4,-0.1,-0.0719,UP,49.8,0.0132,DOWN,49.8,-0.0526,44.018,1.0615,0.8169,,,,,,,,
22-07-16,18:55:57,BCO/USD,DOWN,48.1,-0.12,-0.1199,UP,51.9,0.0145,DOWN,51.9,-0.0618,46.08,1.0974,0.8353,,,,,,,,
23-07-16,21:43:19,EUR/USD,UP,48.6,-0.04,4.00E-04,UP,47.6,2.00E-04,DOWN,50.5,-7.00E-04,1.09714,0.0063,0.0044,,,,,,,,
23-07-16,21:43:34,USD/JPY,DOWN,53.8,0.08,-0.1469,UP,51.9,0.0296,DOWN,52.9,-0.0014,106.065,0.682,0.4996,,,,,,,,
23-07-16,21:43:46,GBP/USD,UP,55.3,-0.12,0.0034,UP,57.2,0.0014,UP,57.2,0.0016,1.31031,0.0116,0.0066,,,,,,,,
23-07-16,21:43:56,USD/CHF,UP,51.9,0.14,3.00E-04,UP,51,3.00E-04,UP,51,3.00E-04,0.98675,0.0049,0.0036,,,,,,,,
23-07-16,21:44:08,AUD/USD,UP,47.1,-0.1,1.00E-04,UP,49.5,2.00E-04,UP,48.1,2.00E-04,0.74604,0.0051,0.0039,,,,,,,,
23-07-16,21:44:16,USD/CAD,UP,47.1,-0.03,1.00E-04,DOWN,48.1,-1.00E-04,UP,48.1,0,1.3123,0.0074,0.0055,,,,,,,,
23-07-16,21:44:29,EUR/CHF,UP,52.9,-0.21,8.00E-04,UP,53.4,5.00E-04,UP,53.4,6.00E-04,1.08321,0.0035,0.0025,,,,,,,,
23-07-16,21:44:38,EUR/GBP,DOWN,47.1,-0.06,-5.00E-04,DOWN,47.1,-2.00E-04,DOWN,47.1,-2.00E-04,0.83684,0.0053,0.0035,,,,,,,,
23-07-16,21:44:46,NZD/USD,UP,53.4,-0.06,1.00E-04,UP,44.7,1.00E-04,UP,44.7,3.00E-04,0.69899,0.0052,0.004,,,,,,,,
23-07-16,21:44:56,EUR/SEK,UP,52.4,-0.11,6.00E-04,DOWN,51,-0.001,DOWN,51,-0.0027,9.48149,0.0331,0.0241,,,,,,,,
23-07-16,21:45:05,EUR/NOK,DOWN,45.2,-0.07,-7.00E-04,DOWN,49.5,-6.00E-04,DOWN,49.5,-8.00E-04,9.37251,0.0504,0.0377,,,,,,,,
23-07-16,21:45:16,USD/SEK,DOWN,54.8,-0.1,-0.0066,DOWN,51.9,-0.0051,DOWN,52.9,-0.0046,8.64068,0.0524,0.0347,,,,,,,,
23-07-16,21:45:26,USD/NOK,DOWN,52.9,-0.13,-0.0078,DOWN,51,-0.0063,DOWN,51,-0.0054,8.53906,0.0611,0.0439,,,,,,,,
23-07-16,21:45:34,EUR/JPY,DOWN,49.5,-0.08,-0.0781,UP,51.4,0.0265,DOWN,51.4,-0.0308,116.428,0.8725,0.5719,,,,,,,,
23-07-16,21:45:43,XAU/USD,UP,50.5,-0.06,0.1756,UP,51.9,0.2966,UP,51.9,0.2143,1321.543,10.9531,7.8005,,,,,,,,
23-07-16,21:45:52,XAG/USD,DOWN,47.6,0.01,-0.0348,DOWN,41.3,-0.0018,DOWN,41.3,-0.0018,19.6185,0.2203,0.1589,,,,,,,,
23-07-16,21:46:02,XPD/USD,UP,47.3,0.05,0.801,UP,49.8,0.0693,UP,49.8,0.0869,683.25,10.6397,7.8948,,,,,,,,
23-07-16,21:46:13,XPT/USD,DOWN,51,0.05,-2.1417,DOWN,53.8,-1.0411,DOWN,52.4,-1.5957,1081.75,12.2738,9.4076,,,,,,,,
23-07-16,21:46:24,SPX500/USD,DOWN,42.8,-0.02,-0.9035,DOWN,47.1,-0.178,DOWN,48.1,-0.4588,2172.5,18.3922,13.0866,,,,,,,,
23-07-16,21:46:35,WTICO_USD,DOWN,46.6,-0.1,-0.0275,UP,50,0.0577,DOWN,50,-0.0038,43.572,1.0631,0.8193,,,,,,,,
23-07-16,21:46:44,BCO/USD,DOWN,47.8,-0.12,-0.0576,UP,51.7,0.0729,UP,51.7,0.0087,45.546,1.0996,0.8392,,,,,,,,
24-07-16,07:45:15,EUR/USD,UP,48.3,-0.04,5.00E-04,UP,47.3,2.00E-04,DOWN,50.2,-7.00E-04,1.09714,0.0063,0.0044,,,,,,,,
24-07-16,07:45:28,USD/JPY,DOWN,54.1,0.09,-0.149,UP,51.7,0.0297,DOWN,53.1,-0.0014,106.065,0.682,0.4991,,,,,,,,
24-07-16,07:45:38,GBP/USD,UP,55.1,-0.12,0.0034,UP,57,0.0014,UP,57,0.0016,1.31031,0.0116,0.0066,,,,,,,,
24-07-16,07:45:46,USD/CHF,UP,51.7,0.14,3.00E-04,UP,50.7,3.00E-04,UP,50.7,3.00E-04,0.98675,0.0049,0.0035,,,,,,,,
24-07-16,07:45:57,AUD/USD,UP,47.3,-0.1,1.00E-04,UP,49.8,2.00E-04,UP,48.3,2.00E-04,0.74604,0.0051,0.0039,,,,,,,,
24-07-16,07:46:05,USD/CAD,UP,46.9,-0.03,1.00E-04,DOWN,48.3,-1.00E-04,UP,48.3,0,1.3123,0.0074,0.0055,,,,,,,,
24-07-16,07:46:15,EUR/CHF,UP,52.7,-0.21,8.00E-04,UP,53.6,5.00E-04,UP,53.6,6.00E-04,1.08321,0.0035,0.0025,,,,,,,,
24-07-16,07:46:23,EUR/GBP,DOWN,46.9,-0.06,-5.00E-04,DOWN,47.3,-2.00E-04,DOWN,47.3,-2.00E-04,0.83684,0.0053,0.0035,,,,,,,,
24-07-16,07:46:31,NZD/USD,UP,53.6,-0.07,1.00E-04,UP,44.9,1.00E-04,UP,44.9,2.00E-04,0.69899,0.0052,0.004,,,,,,,,
24-07-16,07:46:40,EUR/SEK,UP,52.7,-0.11,6.00E-04,DOWN,51.2,-0.001,DOWN,51.2,-0.0027,9.48149,0.0332,0.0242,,,,,,,,
24-07-16,07:46:48,EUR/NOK,DOWN,44.9,-0.07,-7.00E-04,DOWN,49.8,-6.00E-04,DOWN,49.8,-8.00E-04,9.37251,0.0502,0.0375,,,,,,,,
24-07-16,07:47:00,USD/SEK,DOWN,54.6,-0.1,-0.0067,DOWN,51.7,-0.005,DOWN,52.7,-0.0045,8.64068,0.0523,0.0346,,,,,,,,
24-07-16,07:47:08,USD/NOK,DOWN,53.1,-0.13,-0.0078,DOWN,51.2,-0.0063,DOWN,51.2,-0.0054,8.53906,0.0611,0.044,,,,,,,,
24-07-16,07:47:16,EUR/JPY,DOWN,49.8,-0.08,-0.0778,UP,51.7,0.0268,DOWN,51.7,-0.031,116.428,0.8739,0.5728,,,,,,,,
24-07-16,07:47:25,XAU/USD,UP,50.2,-0.06,0.1945,UP,51.7,0.301,UP,51.7,0.2249,1321.543,10.9677,7.813,,,,,,,,
24-07-16,07:47:33,XAG/USD,DOWN,47.8,0.01,-0.035,DOWN,41.5,-0.0019,DOWN,41.5,-0.0018,19.6185,0.2207,0.1593,,,,,,,,
24-07-16,07:47:42,XPD/USD,UP,47.6,0.05,0.7674,UP,50,0.0692,UP,50,0.0865,683.25,10.6548,7.9085,,,,,,,,
24-07-16,07:47:53,XPT/USD,DOWN,51.2,0.05,-2.1561,DOWN,54.1,-1.0448,DOWN,52.7,-1.5928,1081.75,12.2938,9.4345,,,,,,,,
24-07-16,07:48:04,SPX500/USD,DOWN,43,-0.02,-0.9077,DOWN,46.9,-0.1821,n.a.,47.8,0.7594,2172.5,18.4062,13.0846,,,,,,,,
24-07-16,07:48:13,WTICO_USD,DOWN,46.9,-0.1,-0.0339,UP,50.2,0.056,DOWN,50.2,-0.0058,43.572,1.063,0.8185,,,,,,,,
24-07-16,07:48:22,BCO/USD,DOWN,48.1,-0.11,-0.0596,UP,51.5,0.0723,UP,51.5,0.0075,45.546,1.101,0.8402,,,,,,,,
25-07-16,07:45:18,EUR/USD,UP,49,-0.04,4.00E-04,UP,47.6,0,DOWN,51,-6.00E-04,1.09741,0.0063,0.0044,,,,,,,,
25-07-16,07:45:30,USD/JPY,UP,53.8,0.09,0.1334,UP,52.4,0.0047,UP,53.4,0.0123,106.316,0.681,0.4979,,,,,,,,
25-07-16,07:45:40,GBP/USD,DOWN,55.3,-0.12,-1.00E-04,DOWN,57.2,-1.00E-04,UP,57.2,1.00E-04,1.31371,0.0116,0.0066,,,,,,,,
25-07-16,07:45:48,USD/CHF,UP,51.9,0.14,1.00E-04,UP,51.4,0,UP,51.4,0,0.98745,0.0049,0.0035,,,,,,,,
25-07-16,07:45:58,AUD/USD,DOWN,47.6,-0.1,-1.00E-04,UP,50,0,UP,48.6,0,0.74758,0.0051,0.0038,,,,,,,,
25-07-16,07:46:06,USD/CAD,UP,47.6,-0.03,1.00E-04,UP,47.6,0,UP,47.6,0,1.31354,0.0074,0.0055,,,,,,,,
25-07-16,07:46:16,EUR/CHF,UP,52.4,-0.21,1.00E-04,UP,54.3,0,UP,54.3,0,1.08389,0.0035,0.0025,,,,,,,,
25-07-16,07:46:24,EUR/GBP,UP,47.1,-0.06,1.00E-04,UP,47.1,0,UP,47.1,0,0.83542,0.0053,0.0035,,,,,,,,
25-07-16,07:46:32,NZD/USD,UP,53.8,-0.07,1.00E-04,UP,44.7,0,UP,44.7,1.00E-04,0.69812,0.0051,0.004,,,,,,,,
25-07-16,07:46:41,EUR/SEK,DOWN,52.9,-0.1,-0.0014,DOWN,51.4,-1.00E-04,DOWN,51.4,-0.003,9.49267,0.033,0.0239,,,,,,,,
25-07-16,07:46:48,EUR/NOK,DOWN,44.7,-0.07,-2.00E-04,DOWN,49,-1.00E-04,UP,49,0,9.38112,0.0501,0.0373,,,,,,,,
25-07-16,07:46:59,USD/SEK,DOWN,54.3,-0.1,-0.0015,UP,51.9,1.00E-04,UP,52.9,0,8.64741,0.0522,0.0344,,,,,,,,
25-07-16,07:47:08,USD/NOK,DOWN,52.4,-0.13,-0.0039,DOWN,51,-2.00E-04,DOWN,51,-4.00E-04,8.54721,0.061,0.0438,,,,,,,,
25-07-16,07:47:15,EUR/JPY,UP,49,-0.08,0.2508,DOWN,51.9,-0.0057,DOWN,51.9,-0.0041,116.677,0.8722,0.5701,,,,,,,,
25-07-16,07:47:24,XAU/USD,DOWN,50.5,-0.05,-0.0158,UP,51.4,0.0179,UP,51.4,0.0738,1317.455,10.9398,7.7725,,,,,,,,
25-07-16,07:47:32,XAG/USD,DOWN,47.1,0.01,-0.0026,UP,41.3,1.00E-04,UP,41.3,1.00E-04,19.46381,0.2205,0.159,,,,,,,,
25-07-16,07:47:40,XPD/USD,UP,47.8,0.05,0.2269,UP,49.8,0.0658,UP,49.8,0.1931,676.654,10.6453,7.9016,,,,,,,,
25-07-16,07:47:51,XPT/USD,UP,51,0.06,1.7995,UP,54.3,0.0838,UP,52.9,0.0164,1072.658,12.2833,9.4212,,,,,,,,
25-07-16,07:48:01,SPX500/USD,UP,42.8,-0.02,0.4784,DOWN,47.1,-0.0077,DOWN,48.6,-0.0818,2172.2,18.3749,13.0329,,,,,,,,
25-07-16,07:48:11,WTICO_USD,UP,47.6,-0.1,0.0362,UP,50.5,0.0061,UP,50.5,0.0071,43.549,1.0606,0.8139,,,,,,,,
25-07-16,07:48:19,BCO/USD,UP,48.3,-0.12,0.0685,UP,51.7,0.0069,UP,51.7,0.0119,45.537,1.0988,0.8361,,,,,,,,
26-07-16,07:45:16,EUR/USD,UP,48.8,-0.04,5.00E-04,UP,48.3,0,UP,50.7,7.00E-04,1.10019,0.0063,0.0044,,,,,,,,
26-07-16,07:45:28,USD/JPY,DOWN,54.6,0.08,-0.2001,UP,51.7,0.0144,DOWN,52.7,-0.0512,104.351,0.6903,0.5045,,,,,,,,
26-07-16,07:45:38,GBP/USD,UP,55.6,-0.12,0.0018,UP,57.5,0,DOWN,57.5,-1.00E-04,1.31167,0.0116,0.0066,,,,,,,,
26-07-16,07:45:46,USD/CHF,UP,51.7,0.14,1.00E-04,UP,50.7,1.00E-04,UP,50.7,1.00E-04,0.98529,0.0049,0.0035,,,,,,,,
26-07-16,07:45:57,AUD/USD,UP,47.8,-0.1,1.00E-04,UP,50.2,0,UP,48.8,1.00E-04,0.75188,0.0051,0.0039,,,,,,,,
26-07-16,07:46:05,USD/CAD,UP,47.3,-0.03,1.00E-04,UP,48.3,0,UP,48.3,1.00E-04,1.31929,0.0074,0.0055,,,,,,,,
26-07-16,07:46:15,EUR/CHF,UP,52.7,-0.21,3.00E-04,UP,54.1,0,UP,54.1,0,1.08411,0.0035,0.0025,,,,,,,,
26-07-16,07:46:23,EUR/GBP,UP,46.9,-0.06,0,UP,47.3,0,UP,47.3,1.00E-04,0.83879,0.0053,0.0035,,,,,,,,
26-07-16,07:46:31,NZD/USD,DOWN,54.1,-0.07,-7.00E-04,UP,45.4,0,DOWN,45.4,-2.00E-04,0.70423,0.0052,0.004,,,,,,,,
26-07-16,07:46:40,EUR/SEK,DOWN,53.1,-0.1,-2.00E-04,UP,51.2,0,DOWN,51.2,-0.0025,9.49283,0.033,0.0239,,,,,,,,
26-07-16,07:46:48,EUR/NOK,UP,44.9,-0.07,0.0016,DOWN,49.3,-1.00E-04,UP,49.3,0.002,9.42118,0.0502,0.0374,,,,,,,,
26-07-16,07:46:59,USD/SEK,DOWN,54.6,-0.1,-0.0042,DOWN,52.2,-1.00E-04,DOWN,53.1,-0.0011,8.6291,0.0523,0.0346,,,,,,,,
26-07-16,07:47:08,USD/NOK,DOWN,52.7,-0.13,-0.0033,DOWN,50.2,-5.00E-04,UP,50.2,6.00E-04,8.56444,0.0611,0.0439,,,,,,,,
26-07-16,07:47:15,EUR/JPY,DOWN,49.8,-0.08,-0.1503,UP,52.7,0.0016,DOWN,52.7,-0.0606,114.902,0.879,0.5764,,,,,,,,
26-07-16,07:47:24,XAU/USD,UP,50.7,-0.05,0.083,UP,52.2,0.0411,UP,52.2,0.0367,1318.466,10.9423,7.7694,,,,,,,,
26-07-16,07:47:33,XAG/USD,DOWN,47.3,0.01,-0.0114,DOWN,41.1,-2.00E-04,DOWN,41.1,-1.00E-04,19.59849,0.2209,0.1597,,,,,,,,
26-07-16,07:47:41,XPD/USD,DOWN,48.5,0.06,-0.3878,UP,50,0.0282,DOWN,50,-0.2347,683.497,10.654,7.9057,,,,,,,,
26-07-16,07:47:52,XPT/USD,DOWN,51.2,0.06,-2.2786,DOWN,54.1,-0.0894,DOWN,52.7,-0.3678,1084.34,12.3254,9.4914,,,,,,,,
26-07-16,07:48:03,SPX500/USD,DOWN,44,-0.02,-0.8862,DOWN,47.8,-0.0266,DOWN,48.3,-0.0649,2169.6,18.4046,13.0706,,,,,,,,
26-07-16,07:48:12,WTICO_USD,DOWN,47.8,-0.1,-0.0489,UP,51.2,0.0099,DOWN,51.2,-0.044,42.624,1.0611,0.8151,,,,,,,,
26-07-16,07:48:21,BCO/USD,DOWN,48.1,-0.12,-0.0535,UP,51.5,0.0111,DOWN,51.5,-0.043,44.781,1.0992,0.8369,,,,,,,,
27-07-16,07:45:17,EUR/USD,DOWN,48.6,-0.04,-2.00E-04,UP,48.6,0,DOWN,50.5,-7.00E-04,1.0999,0.0063,0.0044,,,,,,,,
27-07-16,07:45:30,USD/JPY,UP,54.8,0.07,0.057,DOWN,51.4,-0.0107,UP,52.4,0.0018,105.184,0.6916,0.5062,,,,,,,,
27-07-16,07:45:40,GBP/USD,DOWN,54.8,-0.12,-3.00E-04,UP,58.2,0,UP,58.2,1.00E-04,1.31291,0.0116,0.0066,,,,,,,,
27-07-16,07:45:47,USD/CHF,DOWN,51.4,0.14,-1.00E-04,DOWN,51,-1.00E-04,UP,51,0,0.9915,0.0049,0.0036,,,,,,,,
27-07-16,07:45:58,AUD/USD,UP,47.6,-0.1,1.00E-04,UP,50,1.00E-04,UP,48.6,1.00E-04,0.74835,0.0051,0.0039,,,,,,,,
27-07-16,07:46:06,USD/CAD,DOWN,48.1,-0.03,-2.00E-04,UP,47.6,0,DOWN,47.6,-1.00E-04,1.31802,0.0073,0.0055,,,,,,,,
27-07-16,07:46:16,EUR/CHF,UP,52.9,-0.21,7.00E-04,DOWN,54.3,-2.00E-04,UP,54.3,4.00E-04,1.09012,0.0035,0.0025,,,,,,,,
27-07-16,07:46:24,EUR/GBP,UP,47.1,-0.06,1.00E-04,UP,47.6,0,UP,47.6,0,0.83744,0.0053,0.0035,,,,,,,,
27-07-16,07:46:32,NZD/USD,UP,54.3,-0.07,0,UP,45.7,1.00E-04,DOWN,45.7,-1.00E-04,0.70366,0.0052,0.004,,,,,,,,
27-07-16,07:46:41,EUR/SEK,DOWN,53.4,-0.1,-5.00E-04,DOWN,51.4,-1.00E-04,DOWN,51.4,-0.0033,9.50709,0.0329,0.0239,,,,,,,,
27-07-16,07:46:49,EUR/NOK,DOWN,45.2,-0.07,-0.0034,UP,49.5,0,DOWN,49.5,-0.0017,9.4105,0.0501,0.0373,,,,,,,,
27-07-16,07:47:00,USD/SEK,UP,54.3,-0.1,0.001,DOWN,51.9,-3.00E-04,UP,52.9,8.00E-04,8.64466,0.0522,0.0345,,,,,,,,
27-07-16,07:47:09,USD/NOK,DOWN,52.9,-0.13,-0.0024,DOWN,51,-3.00E-04,DOWN,51,-0.0011,8.55704,0.061,0.0438,,,,,,,,
27-07-16,07:47:16,EUR/JPY,UP,49.5,-0.08,0.0595,DOWN,52.4,-0.0151,UP,52.4,0.0308,115.935,0.8798,0.5779,,,,,,,,
27-07-16,07:47:25,XAU/USD,UP,50,-0.05,0.0258,UP,51.9,0.0032,DOWN,51.9,-5.00E-04,1319.549,10.9242,7.7426,,,,,,,,
27-07-16,07:47:33,XAG/USD,UP,47.6,0.01,0.0088,DOWN,41.3,-1.00E-04,DOWN,41.3,-1.00E-04,19.57316,0.2206,0.1592,,,,,,,,
27-07-16,07:47:42,XPD/USD,UP,48.8,0.06,0.1777,DOWN,49.8,-0.0463,DOWN,49.8,-0.009,686.315,10.6391,7.8928,,,,,,,,
27-07-16,07:47:53,XPT/USD,DOWN,51.9,0.06,-0.903,DOWN,54.3,-0.0911,DOWN,52.9,-0.1138,1090.806,12.311,9.4842,,,,,,,,
27-07-16,07:48:03,SPX500/USD,UP,44.2,-0.02,0.3831,UP,48.1,0.0062,UP,48.6,0.0751,2172.5,18.3761,13.0401,,,,,,,,
27-07-16,07:48:12,WTICO_USD,UP,47.1,-0.1,0.0444,UP,50.5,0.0053,UP,50.5,0.0051,42.296,1.0595,0.8135,,,,,,,,
27-07-16,07:48:21,BCO/USD,UP,47.8,-0.12,0.0245,UP,51.2,0.0037,UP,51.2,0.0128,44.667,1.0974,0.8345,,,,,,,,
28-07-16,07:45:16,EUR/USD,UP,49.3,-0.04,2.00E-04,UP,48.3,0,UP,51.2,9.00E-04,1.10678,0.0063,0.0044,,,,,,,,
28-07-16,07:45:29,USD/JPY,UP,55,0.07,0.1766,UP,51.7,8.00E-04,DOWN,52.6,-0.0128,104.748,0.691,0.5059,,,,,,,,
28-07-16,07:45:39,GBP/USD,UP,55,-0.12,6.00E-04,DOWN,57.4,-1.00E-04,UP,57.4,1.00E-04,1.31778,0.0116,0.0066,,,,,,,,
28-07-16,07:45:47,USD/CHF,UP,51.7,0.13,2.00E-04,UP,50.2,1.00E-04,UP,50.2,0,0.98552,0.0049,0.0036,,,,,,,,
28-07-16,07:45:58,AUD/USD,UP,47.8,-0.1,0,UP,50.2,0,UP,48.8,0,0.75253,0.0051,0.0039,,,,,,,,
28-07-16,07:46:06,USD/CAD,UP,47.4,-0.03,1.00E-04,UP,47.8,0,DOWN,47.8,-1.00E-04,1.31318,0.0073,0.0055,,,,,,,,
28-07-16,07:46:17,EUR/CHF,UP,52.2,-0.2,1.00E-04,UP,54.1,0,UP,54.1,0,1.09091,0.0035,0.0025,,,,,,,,
28-07-16,07:46:25,EUR/GBP,UP,47.4,-0.06,0,UP,48.3,0,UP,48.3,1.00E-04,0.8395,0.0053,0.0035,,,,,,,,
28-07-16,07:46:33,NZD/USD,DOWN,53.6,-0.07,-6.00E-04,DOWN,45,-1.00E-04,DOWN,45,-4.00E-04,0.71132,0.0052,0.004,,,,,,,,
28-07-16,07:46:42,EUR/SEK,DOWN,53.1,-0.1,-0.0046,DOWN,51.2,-4.00E-04,DOWN,51.2,-0.0053,9.54128,0.0329,0.0239,,,,,,,,
28-07-16,07:46:51,EUR/NOK,UP,45.5,-0.07,0.0024,DOWN,49.8,-1.00E-04,UP,49.8,0.0025,9.44063,0.0501,0.0373,,,,,,,,
28-07-16,07:47:02,USD/SEK,DOWN,55,-0.1,-5.00E-04,UP,52.6,2.00E-04,DOWN,53.6,-0.0012,8.61883,0.0521,0.0345,,,,,,,,
28-07-16,07:47:11,USD/NOK,DOWN,53.1,-0.13,-0.0012,UP,50.2,5.00E-04,DOWN,50.2,-9.00E-04,8.5278,0.061,0.0438,,,,,,,,
28-07-16,07:47:19,EUR/JPY,UP,49.8,-0.08,0.3389,DOWN,52.2,-0.0036,DOWN,52.2,-0.0104,116.005,0.8784,0.5763,,,,,,,,
28-07-16,07:47:27,XAU/USD,DOWN,50.2,-0.05,-0.2475,DOWN,51.2,-0.0836,DOWN,51.2,-0.1855,1339.308,10.9563,7.7811,,,,,,,,
28-07-16,07:47:36,XAG/USD,UP,47.4,0.01,0.0052,UP,41.1,3.00E-04,UP,41.1,4.00E-04,20.28816,0.2234,0.161,,,,,,,,
28-07-16,07:47:45,XPD/USD,UP,48.6,0.06,0.046,DOWN,50.5,-0.0428,DOWN,50.5,-0.4428,704.6,10.6667,7.923,,,,,,,,
28-07-16,07:47:56,XPT/USD,DOWN,51.7,0.07,-0.2902,UP,55,0.214,DOWN,53.6,-0.9506,1144.292,12.569,9.6202,,,,,,,,
28-07-16,07:48:07,SPX500/USD,UP,44,-0.02,0.0441,UP,47.8,0.005,DOWN,48.3,-0.0439,2170.2,18.3468,13.0052,,,,,,,,
28-07-16,07:48:17,WTICO_USD,DOWN,46.9,-0.1,-0.025,UP,50.7,0.0063,DOWN,50.7,-0.0397,41.519,1.0588,0.8135,,,,,,,,
28-07-16,07:48:25,BCO/USD,DOWN,48.1,-0.12,-0.0753,UP,51.4,0.011,DOWN,51.4,-0.0684,43.572,1.0975,0.8355,,,,,,,,
31-07-16,07:45:17,EUR/USD,DOWN,48.3,-0.04,-6.00E-04,DOWN,47.3,-4.00E-04,DOWN,50.2,-0.0011,1.11696,0.0063,0.0044,,,,,,,,
31-07-16,07:45:30,USD/JPY,DOWN,54.6,0.08,-0.3489,DOWN,52.2,-0.0871,DOWN,53.1,-0.1737,102.018,0.7003,0.5154,,,,,,,,
31-07-16,07:45:40,GBP/USD,DOWN,55.1,-0.12,-5.00E-04,DOWN,57,-5.00E-04,DOWN,57,-6.00E-04,1.32221,0.0116,0.0066,,,,,,,,
31-07-16,07:45:48,USD/CHF,DOWN,51.2,0.14,-0.0014,DOWN,49.8,-0.0013,DOWN,49.8,-0.0013,0.96902,0.0049,0.0036,,,,,,,,
31-07-16,07:45:59,AUD/USD,DOWN,48.3,-0.1,-6.00E-04,DOWN,49.8,-6.00E-04,DOWN,48.3,-7.00E-04,0.75959,0.0051,0.0039,,,,,,,,
31-07-16,07:46:07,USD/CAD,UP,47.8,-0.04,7.00E-04,UP,48.8,5.00E-04,UP,48.8,7.00E-04,1.30364,0.0074,0.0055,,,,,,,,
31-07-16,07:46:17,EUR/CHF,DOWN,52.7,-0.22,-9.00E-04,UP,54.6,6.00E-04,UP,54.6,1.00E-04,1.08281,0.0035,0.0025,,,,,,,,
31-07-16,07:46:25,EUR/GBP,DOWN,48.3,-0.06,-1.00E-04,DOWN,47.3,-2.00E-04,DOWN,47.3,-2.00E-04,0.84425,0.0053,0.0035,,,,,,,,
31-07-16,07:46:32,NZD/USD,DOWN,53.6,-0.07,-6.00E-04,DOWN,44.9,-7.00E-04,DOWN,44.9,-0.001,0.71987,0.0052,0.0041,,,,,,,,
31-07-16,07:46:42,EUR/SEK,DOWN,53.1,-0.1,-0.0027,UP,51.2,6.00E-04,DOWN,51.2,-0.0051,9.55196,0.0331,0.0241,,,,,,,,
31-07-16,07:46:49,EUR/NOK,UP,45.9,-0.07,0.0032,UP,49.8,0.0033,UP,49.8,0.0042,9.42583,0.0503,0.0376,,,,,,,,
31-07-16,07:47:00,USD/SEK,UP,55.1,-0.1,0.0082,UP,52.7,0.0075,UP,54.1,0.0088,8.54958,0.0523,0.0346,,,,,,,,
31-07-16,07:47:09,USD/NOK,UP,53.6,-0.13,0.0193,UP,51.7,0.0149,UP,51.7,0.0172,8.43343,0.0613,0.044,,,,,,,,
31-07-16,07:47:17,EUR/JPY,DOWN,48.8,-0.08,-0.2922,UP,52.2,0.0402,UP,52.2,0.0017,114.024,0.8826,0.5798,,,,,,,,
31-07-16,07:47:25,XAU/USD,DOWN,50.7,-0.05,-0.7376,DOWN,50.7,-0.6778,DOWN,50.7,-0.6753,1349.968,10.9925,7.8271,,,,,,,,
31-07-16,07:47:34,XAG/USD,UP,46.9,0.01,0.0412,UP,41.1,9.00E-04,UP,41.1,9.00E-04,20.29736,0.2237,0.1612,,,,,,,,
31-07-16,07:47:42,XPD/USD,UP,48.1,0.05,1.5576,UP,50,0.7243,UP,50,0.713,707.85,10.6669,7.9642,,,,,,,,
31-07-16,07:47:53,XPT/USD,UP,51.2,0.06,1.8376,UP,54.1,0.7238,UP,52.7,1.0226,1145.75,12.4339,9.5656,,,,,,,,
31-07-16,07:48:03,SPX500/USD,DOWN,44,-0.02,-0.8548,DOWN,47.8,-0.2288,DOWN,48.3,-0.4266,2176.5,18.4114,13.0902,,,,,,,,
31-07-16,07:48:13,WTICO_USD,DOWN,48.3,-0.1,-0.0398,DOWN,50.2,-0.0311,DOWN,50.2,-0.0715,40.946,1.0599,0.8146,,,,,,,,
31-07-16,07:48:21,BCO/USD,DOWN,47.6,-0.11,-0.0472,DOWN,51.9,-0.0123,DOWN,51.9,-0.0457,42.913,1.0943,0.8334,,,,,,,,
02-08-16,07:45:18,EUR/USD,DOWN,47.8,-0.04,-6.00E-04,UP,48.3,0,UP,49.8,9.00E-04,1.11751,0.0063,0.0044,,,,,,,,
02-08-16,07:45:31,USD/JPY,UP,53.1,0.08,0.1344,DOWN,51.2,-0.0017,DOWN,52.2,-0.0026,102.405,0.6999,0.5142,,,,,,,,
02-08-16,07:45:41,GBP/USD,DOWN,55.1,-0.12,-0.0012,UP,57,0,DOWN,57,-3.00E-04,1.31945,0.0116,0.0066,,,,,,,,
02-08-16,07:45:48,USD/CHF,DOWN,52.2,0.14,-2.00E-04,UP,50.2,0,UP,50.2,0,0.96724,0.0049,0.0036,,,,,,,,
02-08-16,07:45:59,AUD/USD,DOWN,47.3,-0.11,-1.00E-04,UP,49.3,1.00E-04,DOWN,47.8,-1.00E-04,0.75178,0.0051,0.0039,,,,,,,,
02-08-16,07:46:07,USD/CAD,DOWN,46.9,-0.04,-1.00E-04,UP,47.3,0,UP,47.3,1.00E-04,1.31259,0.0074,0.0055,,,,,,,,
02-08-16,07:46:17,EUR/CHF,UP,51.7,-0.23,1.00E-04,UP,53.6,1.00E-04,DOWN,53.6,-1.00E-04,1.08098,0.0035,0.0025,,,,,,,,
02-08-16,07:46:25,EUR/GBP,UP,48.3,-0.06,1.00E-04,UP,48.3,0,UP,48.3,1.00E-04,0.84711,0.0053,0.0035,,,,,,,,
02-08-16,07:46:32,NZD/USD,UP,53.6,-0.07,7.00E-04,UP,45.4,0,UP,45.4,0,0.71837,0.0052,0.004,,,,,,,,
02-08-16,07:46:41,EUR/SEK,DOWN,53.1,-0.11,-0.0046,DOWN,50.7,-7.00E-04,DOWN,50.7,-0.0027,9.59123,0.0328,0.0238,,,,,,,,
02-08-16,07:46:49,EUR/NOK,UP,45.9,-0.07,0.0039,DOWN,50.2,-3.00E-04,UP,50.2,0.0026,9.48042,0.0504,0.0377,,,,,,,,
02-08-16,07:47:01,USD/SEK,UP,54.6,-0.1,0.0049,DOWN,52.7,-5.00E-04,UP,53.6,6.00E-04,8.58282,0.0523,0.0345,,,,,,,,
02-08-16,07:47:09,USD/NOK,UP,53.1,-0.13,0.0107,DOWN,51.7,-0.0012,UP,51.7,0.002,8.48447,0.0614,0.0442,,,,,,,,
02-08-16,07:47:17,EUR/JPY,UP,47.8,-0.08,0.0721,DOWN,51.7,-0.0061,DOWN,51.7,-0.009,114.55,0.8828,0.58,,,,,,,,
02-08-16,07:47:25,XAU/USD,DOWN,49.8,-0.05,-0.1349,UP,50.2,0.0074,UP,50.2,0.0064,1349.177,10.9885,7.7943,,,,,,,,
02-08-16,07:47:33,XAG/USD,UP,47.3,0.01,0.0148,UP,40.6,1.00E-04,UP,40.6,0,20.3778,0.2242,0.1617,,,,,,,,
02-08-16,07:47:42,XPD/USD,UP,49,0.05,0.2321,DOWN,49.5,-0.0236,DOWN,49.5,-0.0151,714.947,10.6709,7.9742,,,,,,,,
02-08-16,07:47:53,XPT/USD,UP,52.7,0.06,0.9043,UP,54.6,0.0778,UP,53.1,0.0098,1156.27,12.4266,9.5527,,,,,,,,
02-08-16,07:48:04,SPX500/USD,DOWN,44.4,-0.02,-1.4695,UP,48.3,0.0019,DOWN,48.8,-0.1221,2173,18.4031,13.0598,,,,,,,,
02-08-16,07:48:13,WTICO_USD,DOWN,48.8,-0.1,-0.0959,UP,50.2,0.014,DOWN,50.2,-0.0731,39.727,1.0622,0.8162,,,,,,,,
02-08-16,07:48:22,BCO/USD,DOWN,48.1,-0.11,-0.1438,UP,51.9,0.0139,DOWN,51.9,-0.0782,41.943,1.0949,0.8344,,,,,,,,
02-08-16,22:21:39,EUR/USD,DOWN,47.8,-0.04,-6.00E-04,UP,48.3,0,UP,49.8,9.00E-04,1.11751,0.0063,0.0044,,,,,,,,
02-08-16,22:21:44,USD/JPY,UP,53.1,0.08,0.1344,DOWN,51.2,-0.0017,DOWN,52.2,-0.0026,102.405,0.6999,0.5142,,,,,,,,
02-08-16,22:21:49,GBP/USD,DOWN,55.1,-0.12,-0.0012,UP,57,0,DOWN,57,-3.00E-04,1.31945,0.0116,0.0066,,,,,,,,
02-08-16,22:21:52,USD/CHF,DOWN,52.2,0.14,-2.00E-04,UP,50.2,0,UP,50.2,0,0.96724,0.0049,0.0036,,,,,,,,
02-08-16,22:21:58,AUD/USD,DOWN,47.3,-0.11,-1.00E-04,UP,49.3,1.00E-04,DOWN,47.8,-1.00E-04,0.75178,0.0051,0.0039,,,,,,,,
02-08-16,22:22:03,USD/CAD,DOWN,46.9,-0.04,-1.00E-04,UP,47.3,0,UP,47.3,1.00E-04,1.31259,0.0074,0.0055,,,,,,,,
02-08-16,22:22:08,EUR/CHF,UP,51.7,-0.23,1.00E-04,UP,53.6,1.00E-04,DOWN,53.6,-1.00E-04,1.08098,0.0035,0.0025,,,,,,,,
02-08-16,22:22:12,EUR/GBP,UP,48.3,-0.06,1.00E-04,UP,48.3,0,UP,48.3,1.00E-04,0.84711,0.0053,0.0035,,,,,,,,
02-08-16,22:22:16,NZD/USD,UP,53.6,-0.07,7.00E-04,UP,45.4,0,UP,45.4,0,0.71837,0.0052,0.004,,,,,,,,
02-08-16,22:22:21,EUR/SEK,DOWN,53.1,-0.11,-0.0046,DOWN,50.7,-7.00E-04,DOWN,50.7,-0.0027,9.59123,0.0328,0.0238,,,,,,,,
02-08-16,22:22:25,EUR/NOK,UP,45.9,-0.07,0.0039,DOWN,50.2,-3.00E-04,UP,50.2,0.0026,9.48042,0.0504,0.0377,,,,,,,,
02-08-16,22:22:30,USD/SEK,UP,54.6,-0.1,0.0049,DOWN,52.7,-5.00E-04,UP,53.6,6.00E-04,8.58282,0.0523,0.0345,,,,,,,,
02-08-16,22:22:34,USD/NOK,UP,53.1,-0.13,0.0107,DOWN,51.7,-0.0012,UP,51.7,0.002,8.48447,0.0614,0.0442,,,,,,,,
02-08-16,22:22:37,EUR/JPY,UP,47.8,-0.08,0.0721,DOWN,51.7,-0.0061,DOWN,51.7,-0.009,114.55,0.8828,0.58,,,,,,,,
02-08-16,22:22:42,XAU/USD,DOWN,49.8,-0.05,-0.1349,UP,50.2,0.0074,UP,50.2,0.0064,1349.177,10.9885,7.7943,,,,,,,,
02-08-16,22:22:48,XAG/USD,UP,47.3,0.01,0.0148,UP,40.6,1.00E-04,UP,40.6,0,20.3778,0.2242,0.1617,,,,,,,,
02-08-16,22:22:52,XPD/USD,UP,49,0.05,0.2321,DOWN,49.5,-0.0236,DOWN,49.5,-0.0151,714.947,10.6709,7.9742,,,,,,,,
02-08-16,22:22:58,XPT/USD,UP,52.7,0.06,0.9043,UP,54.6,0.0778,UP,53.1,0.0098,1156.27,12.4266,9.5527,,,,,,,,
02-08-16,22:23:03,SPX500/USD,DOWN,44.4,-0.02,-1.4695,UP,48.3,0.0019,DOWN,48.8,-0.1221,2173,18.4031,13.0598,,,,,,,,
02-08-16,22:23:09,WTICO_USD,DOWN,48.8,-0.1,-0.0959,UP,50.2,0.014,DOWN,50.2,-0.0731,39.727,1.0622,0.8162,,,,,,,,
02-08-16,22:23:13,BCO/USD,DOWN,48.1,-0.11,-0.1438,UP,51.9,0.0139,DOWN,51.9,-0.0782,41.943,1.0949,0.8344,,,,,,,,
03-08-16,07:45:13,EUR/USD,UP,44.3,-0.04,2.00E-04,UP,55.7,0,DOWN,54.4,-7.00E-04,1.12122,0.0063,0.0044,,,,,,,,
03-08-16,07:45:25,USD/JPY,DOWN,52.5,0.08,-0.137,UP,50.6,0.0084,DOWN,53.2,-0.0423,101.085,0.7026,0.517,,,,,,,,
03-08-16,07:45:32,GBP/USD,UP,60.8,-0.12,5.00E-04,DOWN,57,-2.00E-04,UP,57,4.00E-04,1.33229,0.0116,0.0066,,,,,,,,
03-08-16,07:45:41,USD/CHF,UP,55.1,0.14,0,UP,53.8,0,UP,53.2,0,0.96554,0.0049,0.0036,,,,,,,,
03-08-16,07:45:50,AUD/USD,DOWN,47.5,-0.11,-2.00E-04,DOWN,53.2,-1.00E-04,UP,50.6,0,0.75946,0.0051,0.0039,,,,,,,,
03-08-16,07:45:57,USD/CAD,DOWN,44.3,-0.04,-4.00E-04,UP,51.3,0,DOWN,51.3,-1.00E-04,1.312,0.0074,0.0055,,,,,,,,
03-08-16,07:46:06,EUR/CHF,UP,46.2,-0.23,3.00E-04,UP,51.3,0,UP,48.7,2.00E-04,1.08259,0.0035,0.0025,,,,,,,,
03-08-16,07:46:13,EUR/GBP,DOWN,51.3,-0.06,-2.00E-04,UP,51.9,0,DOWN,51.9,-2.00E-04,0.84178,0.0053,0.0035,,,,,,,,
03-08-16,07:46:19,NZD/USD,DOWN,50.6,-0.07,-1.00E-04,UP,47.5,0,DOWN,47.5,-1.00E-04,0.71964,0.0052,0.004,,,,,,,,
03-08-16,07:46:28,EUR/SEK,UP,52.5,-0.12,0.0031,UP,51.9,7.00E-04,UP,50.6,0.0018,9.54414,0.0328,0.0238,,,,,,,,
03-08-16,07:46:37,EUR/NOK,DOWN,46.2,-0.07,-0.0054,UP,50.6,1.00E-04,DOWN,48.7,-0.0026,9.45763,0.0503,0.0376,,,,,,,,
03-08-16,07:46:46,USD/SEK,DOWN,52.5,-0.1,-0.004,UP,53.8,5.00E-04,DOWN,56.3,-0.0028,8.51264,0.0523,0.0346,,,,,,,,
03-08-16,07:46:55,USD/NOK,DOWN,57.6,-0.14,-0.0056,UP,46.2,6.00E-04,DOWN,47.5,-0.0032,8.43517,0.0614,0.0442,,,,,,,,
03-08-16,07:47:01,EUR/JPY,DOWN,45.6,-0.08,-0.1621,UP,51.3,0.0127,DOWN,51.3,-0.02,113.253,0.8834,0.5819,,,,,,,,
03-08-16,07:47:07,XAU/USD,DOWN,44.9,-0.05,-0.0888,DOWN,53.2,-0.0399,DOWN,53.2,-0.019,1363.748,10.9984,7.8161,,,,,,,,
03-08-16,07:47:14,XAG/USD,DOWN,50.6,0,-0.0104,UP,54.4,0,UP,54.4,0,20.63944,0.2242,0.162,,,,,,,,
03-08-16,07:47:22,XPD/USD,UP,53.5,0.05,0.2872,UP,49,0.0229,UP,49,0.0156,710.27,10.6577,7.9645,,,,,,,,
03-08-16,07:47:28,XPT/USD,UP,53.2,0.06,0.2506,DOWN,53.8,-0.0445,DOWN,53.8,-0.2033,1164.562,12.4171,9.5489,,,,,,,,
03-08-16,07:47:37,SPX500/USD,DOWN,51.3,-0.02,-1.1692,UP,46.8,0.0239,DOWN,46.8,-0.1249,2155.7,18.3975,13.073,,,,,,,,
03-08-16,07:47:45,WTICO_USD,UP,43.7,-0.1,0.0806,UP,48.7,0.0079,UP,43,0.0155,39.29,1.0606,0.8149,,,,,,,,
03-08-16,07:47:52,BCO/USD,UP,47.8,-0.11,0.0198,UP,50.3,0.0089,UP,50.3,0.0171,41.547,1.0933,0.8329,,,,,,,,
04-08-16,07:45:13,EUR/USD,DOWN,44,-0.04,-6.00E-04,UP,55.3,0,UP,54.1,3.00E-04,1.1145,0.0063,0.0044,,,,,,,,
04-08-16,07:45:24,USD/JPY,DOWN,52.2,0.08,-0.0128,UP,50.9,0.0084,UP,52.8,0.0037,101.411,0.7018,0.5163,,,,,,,,
04-08-16,07:45:32,GBP/USD,UP,61,-0.12,0.0014,UP,56.6,0,DOWN,56.6,-1.00E-04,1.33273,0.0116,0.0066,,,,,,,,
04-08-16,07:45:40,USD/CHF,DOWN,54.7,0.14,-1.00E-04,DOWN,53.5,-1.00E-04,DOWN,52.8,-1.00E-04,0.97269,0.0049,0.0036,,,,,,,,
04-08-16,07:45:49,AUD/USD,UP,47.8,-0.11,3.00E-04,UP,53.5,0,UP,50.9,1.00E-04,0.76084,0.0051,0.0039,,,,,,,,
04-08-16,07:45:56,USD/CAD,UP,44.7,-0.04,2.00E-04,UP,50.9,0,DOWN,50.9,-1.00E-04,1.30641,0.0074,0.0055,,,,,,,,
04-08-16,07:46:05,EUR/CHF,UP,45.3,-0.23,2.00E-04,DOWN,50.3,-1.00E-04,UP,47.8,0,1.08417,0.0035,0.0025,,,,,,,,
04-08-16,07:46:12,EUR/GBP,DOWN,50.3,-0.06,-7.00E-04,UP,50.9,0,DOWN,50.9,-1.00E-04,0.83601,0.0053,0.0035,,,,,,,,
04-08-16,07:46:18,NZD/USD,UP,50.9,-0.07,2.00E-04,UP,47.2,1.00E-04,UP,47.2,1.00E-04,0.71652,0.0052,0.004,,,,,,,,
04-08-16,07:46:27,EUR/SEK,UP,51.6,-0.12,0.0079,UP,50.9,5.00E-04,UP,49.7,0.0022,9.52628,0.0328,0.0238,,,,,,,,
04-08-16,07:46:36,EUR/NOK,UP,45.9,-0.07,0,UP,50.3,2.00E-04,DOWN,48.4,-3.00E-04,9.41964,0.0503,0.0376,,,,,,,,
04-08-16,07:46:45,USD/SEK,UP,52.2,-0.11,0.0018,DOWN,53.5,-4.00E-04,UP,56,0.002,8.54907,0.0523,0.0346,,,,,,,,
04-08-16,07:46:54,USD/NOK,UP,57.2,-0.14,0,DOWN,45.9,-4.00E-04,UP,47.2,0.0017,8.45228,0.0613,0.0441,,,,,,,,
04-08-16,07:47:00,EUR/JPY,DOWN,45.3,-0.08,-0.0638,DOWN,51.6,-0.0047,DOWN,51.6,-0.0132,112.983,0.8823,0.5815,,,,,,,,
04-08-16,07:47:07,XAU/USD,UP,44.7,-0.06,0.13,UP,52.8,0.0864,UP,52.8,0.0716,1350.94,11.0053,7.8323,,,,,,,,
04-08-16,07:47:13,XAG/USD,UP,50.3,-0.01,0.0081,UP,54.1,1.00E-04,UP,54.1,1.00E-04,20.12521,0.2258,0.1631,,,,,,,,
04-08-16,07:47:21,XPD/USD,DOWN,52.5,0.05,-0.0906,UP,50,0.001,DOWN,50,-0.0041,705.766,10.6435,7.9521,,,,,,,,
04-08-16,07:47:28,XPT/USD,UP,53.5,0.06,0.6015,DOWN,54.1,-0.0178,UP,54.1,0.2891,1152.898,12.414,9.5558,,,,,,,,
04-08-16,07:47:36,SPX500/USD,UP,51.6,-0.02,1.3413,DOWN,47.2,-0.0028,UP,47.2,0.1417,2163.4,18.3712,13.0497,,,,,,,,
04-08-16,07:47:45,WTICO_USD,UP,44.7,-0.1,0.068,DOWN,49.7,-0.0129,UP,44,0.0554,40.734,1.062,0.8167,,,,,,,,
04-08-16,07:47:51,BCO/USD,UP,48.7,-0.11,0.1589,DOWN,51.3,-0.0137,UP,51.3,0.0655,42.91,1.0943,0.8345,,,,,,,,
08-08-16,13:52:12,EUR/USD,UP,44.3,-0.05,6.00E-04,UP,55.1,1.00E-04,UP,54.4,4.00E-04,1.10801,0.0063,0.0044,,,,,,,,
08-08-16,13:52:15,USD/JPY,UP,51.9,0.08,0.0706,UP,49.4,0.0247,UP,52.5,0.0457,102.355,0.7025,0.5167,,,,,,,,
08-08-16,13:52:17,GBP/USD,UP,60.1,-0.12,0.0031,UP,58.9,3.00E-04,UP,58.9,4.00E-04,1.30567,0.0116,0.0067,,,,,,,,
08-08-16,13:52:20,USD/CHF,UP,54.4,0.13,5.00E-04,UP,51.9,4.00E-04,UP,53.2,4.00E-04,0.98195,0.0049,0.0036,,,,,,,,
08-08-16,13:52:23,AUD/USD,DOWN,48.1,-0.11,-3.00E-04,DOWN,53.2,-2.00E-04,DOWN,50.6,-2.00E-04,0.76298,0.005,0.0038,,,,,,,,
08-08-16,13:52:25,USD/CAD,DOWN,46.2,-0.02,-7.00E-04,UP,50.6,0,UP,50.6,0,1.31697,0.0074,0.0055,,,,,,,,
08-08-16,13:52:27,EUR/CHF,DOWN,45.6,-0.24,-3.00E-04,DOWN,50,-2.00E-04,DOWN,47.5,-2.00E-04,1.08793,0.0035,0.0025,,,,,,,,
08-08-16,13:52:29,EUR/GBP,DOWN,51.3,-0.06,-4.00E-04,UP,51.9,0,UP,51.9,0,0.84846,0.0054,0.0035,,,,,,,,
08-08-16,13:52:31,NZD/USD,UP,50.6,-0.05,2.00E-04,DOWN,48.7,-1.00E-04,UP,48.7,1.00E-04,0.71288,0.0051,0.004,,,,,,,,
08-08-16,13:52:34,EUR/SEK,DOWN,51.9,-0.12,-0.0061,DOWN,51.9,-0.0013,DOWN,50.6,-0.0011,9.50965,0.032,0.0235,,,,,,,,
08-08-16,13:52:37,EUR/NOK,DOWN,46.2,-0.05,-3.00E-04,UP,50,0.0014,UP,48.1,9.00E-04,9.40541,0.0497,0.0372,,,,,,,,
08-08-16,13:52:40,USD/SEK,DOWN,52.5,-0.12,-0.0025,DOWN,54.4,-0.0029,DOWN,55.7,-0.0032,8.58109,0.0516,0.0341,,,,,,,,
08-08-16,13:52:42,USD/NOK,DOWN,58.9,-0.13,-0.0029,UP,47.5,8.00E-04,DOWN,48.1,-6.00E-04,8.48707,0.0611,0.0438,,,,,,,,
08-08-16,13:52:44,EUR/JPY,UP,46.8,-0.08,0.0629,DOWN,50,-0.0192,DOWN,50,-0.0106,113.474,0.878,0.5791,,,,,,,,
08-08-16,13:52:47,XAU/USD,UP,45.6,-0.07,0.5202,UP,52.5,0.334,UP,52.5,0.4167,1333.013,11.1178,7.8965,,,,,,,,
08-08-16,13:52:49,XAG/USD,DOWN,49.4,-0.03,-0.0295,DOWN,51.9,-6.00E-04,UP,51.9,0.0015,19.74351,0.2291,0.1651,,,,,,,,
08-08-16,13:52:51,XPD/USD,DOWN,52.9,0.07,-0.7157,DOWN,50.3,-0.397,DOWN,50.3,-0.433,688.786,10.5736,7.8878,,,,,,,,
08-08-16,13:52:53,XPT/USD,DOWN,51.9,0.06,-0.0605,UP,53.8,0.005,DOWN,53.8,-0.6911,1147.121,12.3929,9.5145,,,,,,,,
08-08-16,13:52:55,SPX500/USD,DOWN,50.6,-0.01,-0.5947,DOWN,46.8,-0.0321,DOWN,46.8,-0.1098,2184.8,18.2978,12.9381,,,,,,,,
08-08-16,13:52:59,WTICO_USD,DOWN,44,-0.09,-0.0572,DOWN,46.5,-0.0375,DOWN,41.5,-0.0433,42.121,1.0533,0.8061,,,,,,,,
08-08-16,13:53:01,BCO/USD,DOWN,48.4,-0.1,-0.0721,DOWN,49.7,-0.0439,n.a.,49.7,-0.013,44.584,1.0877,0.8269,,,,,,,,
09-08-16,10:17:29,EUR/USD,UP,44.8,-0.04,1.00E-04,UP,55.2,0,UP,54.6,1.00E-04,1.10747,0.0063,0.0044,,,,,,,,
09-08-16,10:17:31,USD/JPY,DOWN,53.4,0.08,-0.0142,UP,50.9,0.0065,UP,54,0.0256,102.459,0.6989,0.5139,,,,,,,,
09-08-16,10:17:34,GBP/USD,UP,59.5,-0.12,4.00E-04,UP,57.1,2.00E-04,DOWN,57.1,-1.00E-04,1.29858,0.0116,0.0066,,,,,,,,
09-08-16,10:17:37,USD/CHF,UP,55.2,0.13,2.00E-04,UP,53.4,1.00E-04,UP,53.4,2.00E-04,0.98408,0.0049,0.0036,,,,,,,,
09-08-16,10:17:39,AUD/USD,DOWN,47.2,-0.11,-1.00E-04,DOWN,52.8,-1.00E-04,DOWN,49.7,-1.00E-04,0.76395,0.0051,0.0039,,,,,,,,
09-08-16,10:17:41,USD/CAD,UP,46,-0.04,6.00E-04,UP,50.9,0,UP,50.9,1.00E-04,1.31783,0.0074,0.0055,,,,,,,,
09-08-16,10:17:44,EUR/CHF,DOWN,45.4,-0.23,-3.00E-04,DOWN,49.1,-2.00E-04,UP,47.2,0,1.09003,0.0035,0.0025,,,,,,,,
09-08-16,10:17:46,EUR/GBP,UP,50.9,-0.07,2.00E-04,UP,50.3,0,UP,50.3,1.00E-04,0.85254,0.0053,0.0035,,,,,,,,
09-08-16,10:17:48,NZD/USD,DOWN,50.9,-0.07,-3.00E-04,UP,48.5,1.00E-04,UP,48.5,1.00E-04,0.71197,0.0052,0.004,,,,,,,,
09-08-16,10:17:51,EUR/SEK,DOWN,52.1,-0.11,-0.0018,UP,51.5,5.00E-04,DOWN,50.3,-2.00E-04,9.50896,0.0327,0.0238,,,,,,,,
09-08-16,10:17:54,EUR/NOK,DOWN,46,-0.07,-0.0027,DOWN,50.3,-6.00E-04,DOWN,48.5,-0.0019,9.40608,0.0501,0.0376,,,,,,,,
09-08-16,10:17:57,USD/SEK,DOWN,52.1,-0.11,-7.00E-04,DOWN,53.4,-5.00E-04,UP,56.4,0.001,8.58614,0.052,0.0345,,,,,,,,
09-08-16,10:18:00,USD/NOK,DOWN,58.3,-0.14,-0.0065,DOWN,47.9,-0.0015,DOWN,48.5,-0.002,8.4917,0.0611,0.0439,,,,,,,,
09-08-16,10:18:02,EUR/JPY,DOWN,46.6,-0.08,-0.013,DOWN,50.3,-0.0042,DOWN,50.3,-0.0022,113.471,0.8774,0.5772,,,,,,,,
09-08-16,10:18:04,XAU/USD,UP,46,-0.07,0.4517,UP,53.4,0.1448,UP,53.4,0.0795,1331.895,11.0659,7.8767,,,,,,,,
09-08-16,10:18:06,XAG/USD,UP,50.3,-0.02,0.0021,UP,52.8,0.0017,UP,52.8,0.0016,19.63423,0.2282,0.1643,,,,,,,,
09-08-16,10:18:08,XPD/USD,DOWN,53.1,0.05,-0.2,DOWN,50,-0.1078,DOWN,50,-0.1171,685.724,10.594,7.9153,,,,,,,,
09-08-16,10:18:10,XPT/USD,DOWN,52.1,0.06,-1.4105,DOWN,52.8,-0.4869,DOWN,52.8,-0.461,1141.051,12.3691,9.5235,,,,,,,,
09-08-16,10:18:13,SPX500/USD,DOWN,50.9,-0.02,-1.0954,UP,47.2,0.0045,UP,47.2,0.0149,2180.1,18.2717,12.9468,,,,,,,,
09-08-16,10:18:16,WTICO_USD,UP,43.9,-0.1,0.0272,DOWN,47,-0.004,UP,42.1,0.0309,42.346,1.0548,0.8089,,,,,,,,
09-08-16,10:18:18,BCO/USD,UP,48.1,-0.11,0.0339,DOWN,50,-8.00E-04,UP,50,0.0356,44.615,1.0887,0.8295,,,,,,,,
09-08-16,22:19:50,EUR/USD,UP,45.4,-0.04,0,DOWN,55.8,-1.00E-04,UP,55.2,0,1.11125,0.0063,0.0044,,,,,,,,
09-08-16,22:19:54,USD/JPY,DOWN,52.8,0.08,-0.0552,DOWN,50.3,-0.0317,DOWN,53.4,-0.0226,101.921,0.6992,0.5149,,,,,,,,
09-08-16,22:19:58,GBP/USD,UP,60.1,-0.12,2.00E-04,UP,57.7,1.00E-04,DOWN,57.7,-3.00E-04,1.3,0.0116,0.0066,,,,,,,,
09-08-16,22:20:02,USD/CHF,DOWN,54.6,0.13,-1.00E-04,DOWN,52.8,-2.00E-04,DOWN,52.8,-1.00E-04,0.98184,0.0049,0.0036,,,,,,,,
09-08-16,22:20:06,AUD/USD,DOWN,47.2,-0.11,-4.00E-04,DOWN,52.8,-4.00E-04,DOWN,49.7,-4.00E-04,0.76674,0.0051,0.0039,,,,,,,,
09-08-16,22:20:09,USD/CAD,UP,46,-0.04,8.00E-04,UP,50.9,2.00E-04,UP,50.9,3.00E-04,1.31267,0.0074,0.0055,,,,,,,,
09-08-16,22:20:13,EUR/CHF,DOWN,45.4,-0.23,-5.00E-04,DOWN,49.1,-4.00E-04,DOWN,47.2,-2.00E-04,1.09089,0.0035,0.0025,,,,,,,,
09-08-16,22:20:16,EUR/GBP,UP,50.9,-0.06,1.00E-04,DOWN,50.3,-1.00E-04,DOWN,50.3,-1.00E-04,0.85448,0.0053,0.0035,,,,,,,,
09-08-16,22:20:19,NZD/USD,DOWN,50.3,-0.07,-5.00E-04,DOWN,47.9,-3.00E-04,DOWN,47.9,-2.00E-04,0.71612,0.0052,0.004,,,,,,,,
09-08-16,22:20:23,EUR/SEK,UP,52.1,-0.11,0.0016,UP,51.5,0.0043,UP,50.3,0.0037,9.4793,0.0327,0.0239,,,,,,,,
09-08-16,22:20:27,EUR/NOK,UP,45.4,-0.07,0.0021,UP,49.7,0.0042,UP,47.9,0.0033,9.33915,0.0502,0.0377,,,,,,,,
09-08-16,22:20:32,USD/SEK,UP,52.8,-0.11,0.0055,UP,54,0.0055,UP,57.1,0.0074,8.5296,0.0521,0.0346,,,,,,,,
09-08-16,22:20:36,USD/NOK,UP,57.7,-0.14,0.0055,UP,47.2,0.01,UP,47.9,0.0098,8.40406,0.0612,0.0441,,,,,,,,
09-08-16,22:20:39,EUR/JPY,UP,46,-0.08,0.0061,UP,50.9,0.0144,UP,50.9,0.0205,113.22,0.8774,0.5777,,,,,,,,
09-08-16,22:20:42,XAU/USD,DOWN,46.6,-0.07,-0.2146,DOWN,54,-0.4461,DOWN,54,-0.5282,1340.536,11.0701,7.8925,,,,,,,,
09-08-16,22:20:45,XAG/USD,DOWN,50.9,-0.02,-0.0055,DOWN,53.4,-0.003,DOWN,53.4,-0.0057,19.84903,0.2282,0.1645,,,,,,,,
09-08-16,22:20:49,XPD/USD,UP,52.5,0.05,0.1486,UP,49.4,0.2396,UP,49.4,0.2302,692.25,10.5953,7.9212,,,,,,,,
09-08-16,22:20:52,XPT/USD,DOWN,52.8,0.06,-0.6809,UP,53.4,0.2974,UP,53.4,0.31,1154.028,12.3621,9.5141,,,,,,,,
09-08-16,22:20:56,SPX500/USD,DOWN,51.5,-0.02,-1.1224,DOWN,47.9,-0.0214,DOWN,47.9,-0.0292,2181.4,18.2717,12.9497,,,,,,,,
09-08-16,22:21:00,WTICO_USD,UP,44.2,-0.1,0.0164,DOWN,47.9,-0.0164,UP,42.3,0.0192,42.476,1.0565,0.8118,,,,,,,,
09-08-16,22:21:03,BCO/USD,UP,48.1,-0.11,0.0288,DOWN,50,-0.0056,UP,50,0.0297,44.662,1.0886,0.8293,,,,,,,,
11-08-16,07:45:16,EUR/USD,UP,45.4,-0.04,0,DOWN,55.8,-1.00E-04,UP,55.2,0,1.11125,0.0063,0.0044,,,,,,,,
11-08-16,07:45:28,USD/JPY,DOWN,52.8,0.08,-0.0552,DOWN,50.3,-0.0317,DOWN,53.4,-0.0226,101.921,0.6992,0.5149,,,,,,,,
11-08-16,07:45:35,GBP/USD,UP,60.1,-0.12,2.00E-04,UP,57.7,1.00E-04,DOWN,57.7,-3.00E-04,1.3,0.0116,0.0066,,,,,,,,
11-08-16,07:45:44,USD/CHF,DOWN,54.6,0.13,-1.00E-04,DOWN,52.8,-2.00E-04,DOWN,52.8,-1.00E-04,0.98184,0.0049,0.0036,,,,,,,,
11-08-16,07:45:53,AUD/USD,DOWN,47.2,-0.11,-4.00E-04,DOWN,52.8,-4.00E-04,DOWN,49.7,-4.00E-04,0.76674,0.0051,0.0039,,,,,,,,
11-08-16,07:46:01,USD/CAD,UP,46,-0.04,8.00E-04,UP,50.9,2.00E-04,UP,50.9,3.00E-04,1.31267,0.0074,0.0055,,,,,,,,
11-08-16,07:46:11,EUR/CHF,DOWN,45.4,-0.23,-5.00E-04,DOWN,49.1,-4.00E-04,DOWN,47.2,-2.00E-04,1.09089,0.0035,0.0025,,,,,,,,
11-08-16,07:46:18,EUR/GBP,UP,50.9,-0.06,1.00E-04,DOWN,50.3,-1.00E-04,DOWN,50.3,-1.00E-04,0.85448,0.0053,0.0035,,,,,,,,
11-08-16,07:46:25,NZD/USD,DOWN,50.3,-0.07,-5.00E-04,DOWN,47.9,-3.00E-04,DOWN,47.9,-2.00E-04,0.71612,0.0052,0.004,,,,,,,,
11-08-16,07:46:35,EUR/SEK,UP,52.1,-0.11,0.0016,UP,51.5,0.0043,UP,50.3,0.0037,9.4793,0.0327,0.0239,,,,,,,,
11-08-16,07:46:44,EUR/NOK,UP,45.4,-0.07,0.0021,UP,49.7,0.0042,UP,47.9,0.0033,9.33915,0.0502,0.0377,,,,,,,,
11-08-16,07:46:53,USD/SEK,UP,52.8,-0.11,0.0055,UP,54,0.0055,UP,57.1,0.0074,8.5296,0.0521,0.0346,,,,,,,,
11-08-16,07:47:03,USD/NOK,UP,57.7,-0.14,0.0055,UP,47.2,0.01,UP,47.9,0.0098,8.40406,0.0612,0.0441,,,,,,,,
11-08-16,07:47:09,EUR/JPY,UP,46,-0.08,0.0061,UP,50.9,0.0144,UP,50.9,0.0205,113.22,0.8774,0.5777,,,,,,,,
11-08-16,07:47:16,XAU/USD,DOWN,46.6,-0.07,-0.2146,DOWN,54,-0.4461,DOWN,54,-0.5282,1340.536,11.0701,7.8925,,,,,,,,
11-08-16,07:47:23,XAG/USD,DOWN,50.9,-0.02,-0.0055,DOWN,53.4,-0.003,DOWN,53.4,-0.0057,19.84903,0.2282,0.1645,,,,,,,,
11-08-16,07:47:31,XPD/USD,UP,52.5,0.05,0.1486,UP,49.4,0.2396,UP,49.4,0.2302,692.25,10.5953,7.9212,,,,,,,,
11-08-16,07:47:38,XPT/USD,DOWN,52.8,0.06,-0.6809,UP,53.4,0.2974,UP,53.4,0.31,1154.028,12.3621,9.5141,,,,,,,,
11-08-16,07:47:47,SPX500/USD,DOWN,51.5,-0.02,-1.1224,DOWN,47.9,-0.0214,DOWN,47.9,-0.0292,2181.4,18.2717,12.9497,,,,,,,,
11-08-16,07:47:56,WTICO_USD,UP,44.2,-0.1,0.0164,DOWN,47.9,-0.0164,UP,42.3,0.0192,42.476,1.0565,0.8118,,,,,,,,
11-08-16,07:48:03,BCO/USD,UP,48.1,-0.11,0.0288,DOWN,50,-0.0056,UP,50,0.0297,44.662,1.0886,0.8293,,,,,,,,
12-08-16,07:45:28,EUR/USD,UP,45.4,-0.04,0,DOWN,55.8,-1.00E-04,UP,55.2,0,1.11125,0.0063,0.0044,,,,,,,,
12-08-16,07:45:41,USD/JPY,DOWN,52.8,0.08,-0.0552,DOWN,50.3,-0.0317,DOWN,53.4,-0.0226,101.921,0.6992,0.5149,,,,,,,,
12-08-16,07:45:50,GBP/USD,UP,60.1,-0.12,2.00E-04,UP,57.7,1.00E-04,DOWN,57.7,-3.00E-04,1.3,0.0116,0.0066,,,,,,,,
12-08-16,07:46:05,USD/CHF,DOWN,54.6,0.13,-1.00E-04,DOWN,52.8,-2.00E-04,DOWN,52.8,-1.00E-04,0.98184,0.0049,0.0036,,,,,,,,
12-08-16,07:46:17,AUD/USD,DOWN,47.2,-0.11,-4.00E-04,DOWN,52.8,-4.00E-04,DOWN,49.7,-4.00E-04,0.76674,0.0051,0.0039,,,,,,,,
12-08-16,07:46:27,USD/CAD,UP,46,-0.04,8.00E-04,UP,50.9,2.00E-04,UP,50.9,3.00E-04,1.31267,0.0074,0.0055,,,,,,,,
12-08-16,07:46:40,EUR/CHF,DOWN,45.4,-0.23,-5.00E-04,DOWN,49.1,-4.00E-04,DOWN,47.2,-2.00E-04,1.09089,0.0035,0.0025,,,,,,,,
12-08-16,07:46:51,EUR/GBP,UP,50.9,-0.06,1.00E-04,DOWN,50.3,-1.00E-04,DOWN,50.3,-1.00E-04,0.85448,0.0053,0.0035,,,,,,,,
12-08-16,07:47:01,NZD/USD,DOWN,50.3,-0.07,-5.00E-04,DOWN,47.9,-3.00E-04,DOWN,47.9,-2.00E-04,0.71612,0.0052,0.004,,,,,,,,
12-08-16,07:47:12,EUR/SEK,UP,52.1,-0.11,0.0016,UP,51.5,0.0043,UP,50.3,0.0037,9.4793,0.0327,0.0239,,,,,,,,
12-08-16,07:47:25,EUR/NOK,UP,45.4,-0.07,0.0021,UP,49.7,0.0042,UP,47.9,0.0033,9.33915,0.0502,0.0377,,,,,,,,
12-08-16,07:47:38,USD/SEK,UP,52.8,-0.11,0.0055,UP,54,0.0055,UP,57.1,0.0074,8.5296,0.0521,0.0346,,,,,,,,
12-08-16,07:47:48,USD/NOK,UP,57.7,-0.14,0.0055,UP,47.2,0.01,UP,47.9,0.0098,8.40406,0.0612,0.0441,,,,,,,,
12-08-16,07:47:57,EUR/JPY,UP,46,-0.08,0.0061,UP,50.9,0.0144,UP,50.9,0.0205,113.22,0.8774,0.5777,,,,,,,,
12-08-16,07:48:06,XAU/USD,DOWN,46.6,-0.07,-0.2146,DOWN,54,-0.4461,DOWN,54,-0.5282,1340.536,11.0701,7.8925,,,,,,,,
12-08-16,07:48:14,XAG/USD,DOWN,50.9,-0.02,-0.0055,DOWN,53.4,-0.003,DOWN,53.4,-0.0057,19.84903,0.2282,0.1645,,,,,,,,
12-08-16,07:48:26,XPD/USD,UP,52.5,0.05,0.1486,UP,49.4,0.2396,UP,49.4,0.2302,692.25,10.5953,7.9212,,,,,,,,
12-08-16,07:48:34,XPT/USD,DOWN,52.8,0.06,-0.6809,UP,53.4,0.2974,UP,53.4,0.31,1154.028,12.3621,9.5141,,,,,,,,
12-08-16,07:48:47,SPX500/USD,DOWN,51.5,-0.02,-1.1224,DOWN,47.9,-0.0214,DOWN,47.9,-0.0292,2181.4,18.2717,12.9497,,,,,,,,
12-08-16,07:48:58,WTICO_USD,UP,44.2,-0.1,0.0164,DOWN,47.9,-0.0164,UP,42.3,0.0192,42.476,1.0565,0.8118,,,,,,,,
12-08-16,07:49:05,BCO/USD,UP,48.1,-0.11,0.0288,DOWN,50,-0.0056,UP,50,0.0297,44.662,1.0886,0.8293,,,,,,,,
17-08-16,21:18:51,EUR/USD,DOWN,46,-0.02,-3.00E-04,UP,49.7,0,DOWN,50.9,-5.00E-04,1.12651,0.0061,0.0044,,,,,,,,
17-08-16,21:18:54,USD/JPY,UP,52.8,0.08,0.0368,DOWN,53.4,-0.0023,UP,53.4,0.0122,100.926,0.7059,0.5216,,,,,,,,
17-08-16,21:18:57,GBP/USD,UP,54.6,-0.02,9.00E-04,UP,53.4,0,UP,53.4,2.00E-04,1.30189,0.0105,0.0066,,,,,,,,
17-08-16,21:19:00,USD/CHF,UP,48.5,0.11,0,UP,49.1,0,DOWN,49.7,-3.00E-04,0.96318,0.0049,0.0036,,,,,,,,
17-08-16,21:19:03,AUD/USD,UP,52.1,-0.09,1.00E-04,UP,54,0,UP,54,0,0.767,0.005,0.0039,,,,,,,,
17-08-16,21:19:06,USD/CAD,UP,52.8,-0.03,2.00E-04,UP,44.8,0,UP,46.6,0,1.28745,0.0075,0.0055,,,,,,,,
17-08-16,21:19:09,EUR/CHF,DOWN,46.6,-0.14,-1.00E-04,UP,54,1.00E-04,UP,52.8,0,1.08472,0.003,0.0023,,,,,,,,
17-08-16,21:19:12,EUR/GBP,UP,46,0,1.00E-04,UP,42.3,0,UP,47.2,0,0.86514,0.0051,0.0036,,,,,,,,
17-08-16,21:19:15,NZD/USD,UP,44.2,-0.1,0,UP,50.3,0,DOWN,50.3,-1.00E-04,0.72575,0.0052,0.004,,,,,,,,
17-08-16,21:19:17,EUR/SEK,DOWN,51.5,-0.09,-0.0017,DOWN,52.1,-2.00E-04,DOWN,52.1,-0.0016,9.4838,0.0309,0.0228,,,,,,,,
17-08-16,21:19:21,EUR/NOK,DOWN,47.9,-0.02,-0.0038,DOWN,43.6,-1.00E-04,UP,49.1,0.0066,9.24541,0.05,0.0382,,,,,,,,
17-08-16,21:19:23,USD/SEK,UP,55.2,-0.07,1.00E-04,UP,54.6,1.00E-04,UP,54.6,0.0067,8.42016,0.0487,0.0334,,,,,,,,
17-08-16,21:19:26,USD/NOK,UP,49.7,-0.07,0.0011,DOWN,50.3,-3.00E-04,UP,50.3,0.0015,8.20978,0.0585,0.0439,,,,,,,,
17-08-16,21:19:29,EUR/JPY,UP,52.1,0.01,0.0596,DOWN,57.1,-0.001,UP,52.1,0.0037,113.518,0.7969,0.5439,,,,,,,,
17-08-16,21:19:32,XAU/USD,DOWN,44.8,-0.05,-0.1439,UP,51.5,0.0102,UP,51.5,0.0043,1342.24,10.9056,8.1202,,,,,,,,
17-08-16,21:19:34,XAG/USD,DOWN,45.4,-0.02,-0.0188,UP,49.7,7.00E-04,DOWN,49.7,-0.004,19.70208,0.2258,0.1642,,,,,,,,
17-08-16,21:19:37,XPD/USD,UP,50,0.04,0.3403,UP,52.5,0.0627,UP,52.5,0.0898,696.78,11.0766,8.1498,,,,,,,,
17-08-16,21:19:39,XPT/USD,UP,49.7,0.1,1.1607,UP,55.8,0.1101,DOWN,55.8,-0.2793,1112.549,12.5824,9.662,,,,,,,,
17-08-16,21:19:42,SPX500/USD,DOWN,50.3,0.02,-0.2774,DOWN,49.1,-0.0498,DOWN,49.1,-0.0509,2180.2,18.0455,12.6474,,,,,,,,
17-08-16,21:19:45,WTICO_USD,DOWN,45.7,-0.1,-0.0063,DOWN,45.7,-0.0056,UP,45.7,0.0231,46.113,1.0719,0.8232,,,,,,,,
17-08-16,21:19:48,BCO/USD,UP,48.1,-0.11,0.0408,DOWN,47.5,-0.0039,UP,47.5,0.0333,48.536,1.1096,0.8426,,,,,,,,
NA,NA,NA,NA,NA,NA,NA,NA,NA,NA,NA,NA,NA,NA,NA,NA,NA,NA,NA,NA,NA,NA,NA,NA
NA,NA,NA,NA,NA,NA,NA,NA,NA,NA,NA,NA,NA,NA,NA,NA,NA,NA,NA,NA,NA,NA,NA,NA
NA,NA,NA,NA,NA,NA,NA,NA,NA,NA,NA,NA,NA,NA,NA,NA,NA,NA,NA,NA,NA,NA,NA,NA
NA,NA,NA,NA,NA,NA,NA,NA,NA,NA,NA,NA,NA,NA,NA,NA,NA,NA,NA,NA,NA,NA,NA,NA
NA,NA,NA,NA,NA,NA,NA,NA,NA,NA,NA,NA,NA,NA,NA,NA,NA,NA,NA,NA,NA,NA,NA,NA
NA,NA,NA,NA,NA,NA,NA,NA,NA,NA,NA,NA,NA,NA,NA,NA,NA,NA,NA,NA,NA,NA,NA,NA
NA,NA,NA,NA,NA,NA,NA,NA,NA,NA,NA,NA,NA,NA,NA,NA,NA,NA,NA,NA,NA,NA,NA,NA
NA,NA,NA,NA,NA,NA,NA,NA,NA,NA,NA,NA,NA,NA,NA,NA,NA,NA,NA,NA,NA,NA,NA,NA
NA,NA,NA,NA,NA,NA,NA,NA,NA,NA,NA,NA,NA,NA,NA,NA,NA,NA,NA,NA,NA,NA,NA,NA
NA,NA,NA,NA,NA,NA,NA,NA,NA,NA,NA,NA,NA,NA,NA,NA,NA,NA,NA,NA,NA,NA,NA,NA
NA,NA,NA,NA,NA,NA,NA,NA,NA,NA,NA,NA,NA,NA,NA,NA,NA,NA,NA,NA,NA,NA,NA,NA
NA,NA,NA,NA,NA,NA,NA,NA,NA,NA,NA,NA,NA,NA,NA,NA,NA,NA,NA,NA,NA,NA,NA,NA
NA,NA,NA,NA,NA,NA,NA,NA,NA,NA,NA,NA,NA,NA,NA,NA,NA,NA,NA,NA,NA,NA,NA,NA
NA,NA,NA,NA,NA,NA,NA,NA,NA,NA,NA,NA,NA,NA,NA,NA,NA,NA,NA,NA,NA,NA,NA,NA
NA,NA,NA,NA,NA,NA,NA,NA,NA,NA,NA,NA,NA,NA,NA,NA,NA,NA,NA,NA,NA,NA,NA,NA
NA,NA,NA,NA,NA,NA,NA,NA,NA,NA,NA,NA,NA,NA,NA,NA,NA,NA,NA,NA,NA,NA,NA,NA
NA,NA,NA,NA,NA,NA,NA,NA,NA,NA,NA,NA,NA,NA,NA,NA,NA,NA,NA,NA,NA,NA,NA,NA
NA,NA,NA,NA,NA,NA,NA,NA,NA,NA,NA,NA,NA,NA,NA,NA,NA,NA,NA,NA,NA,NA,NA,NA
NA,NA,NA,NA,NA,NA,NA,NA,NA,NA,NA,NA,NA,NA,NA,NA,NA,NA,NA,NA,NA,NA,NA,NA
NA,NA,NA,NA,NA,NA,NA,NA,NA,NA,NA,NA,NA,NA,NA,NA,NA,NA,NA,NA,NA,NA,NA,NA
NA,NA,NA,NA,NA,NA,NA,NA,NA,NA,NA,NA,NA,NA,NA,NA,NA,NA,NA,NA,NA,NA,NA,NA
"2016-08-23","23:00:30","EUR/USD","UP","51.1","0","0","UP","51.4","0","UP","51.4","0","1.13057","9e-04","6e-04","2e-04","4e-04","9e-04","0.001","0.0013","0.0017","0.0031","0.0071"
"2016-08-23","23:00:38","USD/JPY","UP","48.9","-0.06","0.0152","UP","49.8","8e-04","UP","50.8","9e-04","100.204","0.1587","0.1039","0.034","0.068","0.131","0.1571","0.2228","0.3277","0.6222","1.128"
"2016-08-23","23:00:45","GBP/USD","UP","50.5","-0.02","0","UP","52.6","0","UP","52.6","0","1.3193","0.0017","0.0011","3e-04","8e-04","0.0014","0.0015","0.0025","0.0034","0.0053","0.0125"
"2016-08-23","23:00:52","USD/CHF","UP","53.8","0.03","0","UP","48","0","UP","48","0","0.98165","9e-04","6e-04","2e-04","4e-04","8e-04","9e-04","0.0014","0.002","0.0033","0.0066"
"2016-08-23","23:00:58","AUD/USD","UP","46.2","0.06","0","UP","41.8","0","UP","41.8","0","0.76702","0.001","7e-04","2e-04","5e-04","0.001","0.0011","0.0016","0.0022","0.0034","0.0045"
"2016-08-23","23:01:05","USD/CAD","UP","45.8","0.01","0","UP","46.8","0","UP","46.8","0","1.31238","0.0015","0.001","3e-04","7e-04","0.0013","0.0015","0.0023","0.0029","0.0049","0.0133"
"2016-08-23","23:01:11","EUR/CHF","UP","49.2","-0.1","0","UP","49.5","0","UP","49.5","0","1.0909","6e-04","4e-04","1e-04","3e-04","6e-04","6e-04","9e-04","0.0014","0.0022","0.0037"
"2016-08-23","23:01:18","EUR/GBP","UP","50.8","0.07","0","UP","50.2","0","UP","50.2","0","0.85456","0.0012","8e-04","3e-04","6e-04","0.0011","0.0013","0.0019","0.0024","0.0036","0.0077"
"2016-08-23","23:01:25","NZD/USD","UP","49.8","0.01","0","UP","52.3","0","UP","52.3","0","0.71621","0.0012","8e-04","3e-04","6e-04","0.001","0.0012","0.0016","0.0023","0.0044","0.006"
"2016-08-23","23:01:33","EUR/SEK","UP","51.4","-0.07","2e-04","UP","51.7","1e-04","UP","51.7","0","9.48069","0.006","0.0042","0.0012","0.0031","0.0059","0.0068","0.0094","0.0131","0.0219","0.0244"
"2016-08-23","23:01:41","EUR/NOK","DOWN","48.6","0","-1e-04","UP","50.8","0","UP","49.5","0","9.339","0.0084","0.0059","0.0016","0.0037","0.0085","0.01","0.0137","0.0171","0.0266","0.0389"
"2016-08-23","23:01:48","USD/SEK","UP","49.2","-0.05","1e-04","UP","52","0","UP","52.6","1e-04","8.53177","0.0095","0.0067","0.0019","0.0048","0.009","0.011","0.0154","0.0197","0.0294","0.0503"
"2016-08-23","23:01:54","USD/NOK","UP","50.8","0","3e-04","UP","53.2","0","UP","53.2","0","8.40368","0.0105","0.0072","0.0021","0.0049","0.0097","0.0113","0.0162","0.0222","0.0353","0.0599"
"2016-08-23","23:02:00","EUR/JPY","DOWN","52.9","-0.08","-0.0025","DOWN","56.3","-0.0022","DOWN","56.3","-0.0029","113.259","0.2174","0.1512","0.046","0.106","0.2071","0.2386","0.3334","0.4281","0.7977","1.175"
"2016-08-23","23:02:08","XAU/USD","DOWN","53.3","0.03","-0.0284","DOWN","49","-0.0098","DOWN","50","-0.0267","1340.169","2.2538","1.5677","0.4889","1.069","2.1154","2.4399","3.5236","4.6672","7.6614","14.156"
"2016-08-23","23:02:15","XAG/USD","UP","53","-0.07","0","DOWN","54.3","-1e-04","UP","52.3","1e-04","19.84503","0.0646","0.0434","0.0126","0.0281","0.0584","0.0659","0.0946","0.1232","0.2739","0.3654"
"2016-08-23","23:02:20","XPD/USD","UP","51.9","-0.07","0.0612","UP","52.5","0.0234","UP","52.5","0.021","692.25","2.2848","1.4953","0.391","0.959","1.9331","2.3201","3.55","4.9344","8.432","14.714"
"2016-08-23","23:02:28","XPT/USD","UP","48.7","0.02","0.0458","UP","44.1","0.0089","UP","42.4","0.0138","1154.028","3.077","2.0758","0.6036","1.375","2.7643","3.0734","4.7404","6.5086","11.1082","18.318"
"2016-08-23","23:02:36","SPX500/USD","DOWN","51.3","-0.14","-0.0115","DOWN","51","-0.0452","DOWN","52.3","-0.035","2181.1","2.2722","1.5111","0.4","1","1.9","2.2","3.6","4.8462","8.1","13.5"
"2016-08-23","23:02:43","WTICO_USD","UP","49.3","0.01","8e-04","DOWN","47.1","-1e-04","UP","47.1","1e-04","42.486","0.1872","0.1239","0.037","0.081","0.1603","0.1881","0.2856","0.3857","0.7932","0.958"
"2016-08-23","23:02:49","BCO/USD","DOWN","47.3","0.02","-3e-04","DOWN","48","-1e-04","UP","48","4e-04","44.682","0.1969","0.1308","0.033","0.0805","0.169","0.2102","0.3266","0.4056","0.8706","0.979"
"2016-09-06","10:14:15","EUR/USD","UP","49.2","-0.03","0","UP","53.7","0","UP","53.7","0","1.11598","9e-04","6e-04","2e-04","4e-04","8e-04","0.001","0.0013","0.0017","0.0028","0.0059"
"2016-09-06","10:14:22","USD/JPY","DOWN","47.6","0","-5e-04","UP","47.3","1e-04","UP","47.3","0.0013","103.32","0.1261","0.0841","0.026","0.0585","0.11","0.123","0.18","0.232","0.4435","1.028"
"2016-09-06","10:14:26","GBP/USD","DOWN","52.4","-0.09","-1e-04","UP","54","0","UP","54","0","1.33357","0.0016","0.001","3e-04","7e-04","0.0013","0.0015","0.0023","0.0032","0.0053","0.0122"
"2016-09-06","10:14:32","USD/CHF","UP","49.8","-0.06","0","UP","48.2","0","UP","48.2","1e-04","0.98005","9e-04","6e-04","2e-04","4e-04","7e-04","9e-04","0.0012","0.0017","0.0033","0.0054"
"2016-09-06","10:14:37","AUD/USD","UP","51.1","-0.01","0","UP","48.6","0","UP","48.6","0","0.76449","9e-04","7e-04","2e-04","5e-04","8e-04","0.001","0.0014","0.0019","0.0035","0.0057"
"2016-09-06","10:14:42","USD/CAD","UP","46.6","-0.08","0","UP","48.9","0","UP","48.9","0","1.29038","0.0012","8e-04","3e-04","6e-04","0.0011","0.0013","0.0017","0.0026","0.0045","0.0072"
"2016-09-06","10:14:46","EUR/CHF","DOWN","56.5","-0.12","-1e-04","UP","54","0","DOWN","54","-1e-04","1.09379","5e-04","4e-04","1e-04","3e-04","5e-04","5e-04","8e-04","0.0011","0.0018","0.0035"
"2016-09-06","10:14:51","EUR/GBP","DOWN","47.9","-0.01","-1e-04","UP","47","0","UP","47","0","0.83676","9e-04","6e-04","2e-04","4e-04","8e-04","9e-04","0.0013","0.0018","0.003","0.0063"
"2016-09-06","10:14:55","NZD/USD","UP","48.6","-0.05","0","UP","52.1","0","UP","52.1","0","0.73417","0.0011","8e-04","2e-04","6e-04","0.0011","0.0012","0.0016","0.002","0.004","0.0073"
"2016-09-06","10:15:00","EUR/SEK","UP","53.7","-0.11","5e-04","UP","51.4","3e-04","UP","51.4","6e-04","9.5351","0.0073","0.0049","0.0012","0.003","0.0066","0.0081","0.0118","0.016","0.0244","0.0442"
"2016-09-06","10:15:07","EUR/NOK","UP","52.7","-0.11","8e-04","UP","52.7","3e-04","UP","52.4","6e-04","9.21179","0.0095","0.0063","0.0015","0.004","0.0085","0.0096","0.0153","0.0194","0.0322","0.0597"
"2016-09-06","10:15:13","USD/SEK","UP","44.7","-0.02","8e-04","UP","51.1","0","UP","51.1","6e-04","8.5438","0.0097","0.0066","0.0018","0.0042","0.0091","0.0109","0.0155","0.0197","0.0343","0.0486"
"2016-09-06","10:15:20","USD/NOK","UP","52.1","-0.08","0.0011","UP","48.2","2e-04","UP","51.1","9e-04","8.25409","0.0115","0.0078","0.002","0.0052","0.0102","0.0121","0.0176","0.0242","0.0414","0.0597"
"2016-09-06","10:15:25","EUR/JPY","UP","50.2","-0.08","0.0069","UP","54.6","4e-04","UP","54.6","0.0018","115.331","0.1079","0.0788","0.025","0.057","0.1106","0.1252","0.1734","0.202","0.3505","0.553"
"2016-09-06","10:15:30","XAU/USD","DOWN","46.2","-0.08","-0.0831","DOWN","53.1","-0.032","DOWN","53.1","-0.0246","1328.776","2.0362","1.2604","0.3566","0.827","1.6051","1.859","2.7749","3.4341","8.0318","15.183"
"2016-09-06","10:15:35","XAG/USD","DOWN","46.5","-0.01","-1e-04","UP","49.7","0","UP","49.7","0","19.56481","0.0545","0.0362","0.0108","0.0247","0.0461","0.0532","0.0751","0.1104","0.1913","0.3406"
"2016-09-06","10:15:40","XPD/USD","UP","50.2","-0.07","0.1056","UP","51.2","0.06","UP","51.2","0.068","682.644","2.86","1.8206","0.4639","1.1495","2.3347","2.7542","4.2196","5.4759","10.0782","22.708"
"2016-09-06","10:15:46","XPT/USD","UP","49","0.05","0.1005","UP","47.9","0.0274","UP","47.9","0.0269","1077.198","2.956","2.0199","0.5402","1.379","2.6357","3.1044","4.5857","6.54","10.8224","12.12"
"2016-09-06","10:15:51","SPX500/USD","DOWN","45.3","-0.03","-0.0906","DOWN","51.6","-0.0128","DOWN","51.6","-0.2499","2180.7","1.9314","1.2867","0.4","0.8","1.7","2","3.08","4.1","7.6198","11.1"
"2016-09-06","10:15:58","WTICO_USD","DOWN","55.9","-0.02","-0.02","DOWN","51","-0.0012","DOWN","57.3","-0.0041","44.685","0.199","0.1252","0.031","0.078","0.151","0.1897","0.2869","0.3758","0.7912","1.463"
"2016-09-06","10:16:02","BCO/USD","DOWN","49.4","-0.01","-0.0197","DOWN","49.8","-9e-04","DOWN","49.8","-0.0076","47.192","0.2141","0.1376","0.039","0.09","0.178","0.2027","0.3142","0.4073","0.8161","1.487"
"2016-09-06","11:02:25","EUR/USD","UP","49","-0.03","0","UP","53.5","0","UP","53.5","0","1.11626","9e-04","6e-04","2e-04","4e-04","8e-04","0.001","0.0013","0.0016","0.0028","0.0059"
"2016-09-06","11:02:39","USD/JPY","DOWN","47.5","-0.01","-8e-04","UP","46.8","1e-04","UP","46.8","6e-04","103.373","0.126","0.0839","0.026","0.058","0.11","0.123","0.18","0.2318","0.4434","1.028"
"2016-09-06","11:02:49","GBP/USD","UP","52.2","-0.09","0","UP","53.8","0","UP","53.8","0","1.33382","0.0016","0.001","3e-04","7e-04","0.0013","0.0015","0.0023","0.0032","0.0053","0.0122"
"2016-09-06","11:03:03","USD/CHF","UP","50","-0.06","0","UP","48.4","0","UP","48.4","0","0.97998","9e-04","6e-04","2e-04","4e-04","7e-04","9e-04","0.0012","0.0017","0.0032","0.0054"
"2016-09-06","11:03:15","AUD/USD","UP","51","-0.01","0","UP","48.4","0","UP","48.4","0","0.7639","9e-04","6e-04","2e-04","5e-04","8e-04","0.001","0.0014","0.0019","0.0035","0.0057"
"2016-09-06","11:03:26","USD/CAD","UP","46.8","-0.08","0","UP","49","0","UP","49","0","1.28973","0.0012","8e-04","3e-04","6e-04","0.0011","0.0012","0.0017","0.0026","0.0045","0.0072"
"2016-09-06","11:03:38","EUR/CHF","DOWN","56.4","-0.12","-1e-04","UP","53.8","0","UP","53.8","0","1.09388","5e-04","4e-04","1e-04","3e-04","5e-04","5e-04","8e-04","0.0011","0.0018","0.0035"
"2016-09-06","11:03:49","EUR/GBP","DOWN","48.1","-0.01","-1e-04","UP","46.8","0","UP","46.8","0","0.83683","9e-04","6e-04","2e-04","4e-04","8e-04","9e-04","0.0013","0.0018","0.003","0.0063"
"2016-09-06","11:03:59","NZD/USD","DOWN","48.7","-0.05","-1e-04","UP","51.9","0","UP","51.9","0","0.73393","0.0011","8e-04","2e-04","6e-04","0.0011","0.0012","0.0016","0.002","0.004","0.0073"
"2016-09-06","11:04:10","EUR/SEK","UP","53.8","-0.11","0.0018","UP","51.6","2e-04","UP","51.6","0.0015","9.52341","0.0073","0.0049","0.0012","0.003","0.0066","0.0081","0.0119","0.016","0.0244","0.0442"
"2016-09-06","11:04:26","EUR/NOK","UP","52.9","-0.11","2e-04","UP","53.2","4e-04","UP","52.5","5e-04","9.21168","0.0095","0.0063","0.0015","0.004","0.0085","0.0096","0.0153","0.0194","0.0322","0.0597"
"2016-09-06","11:04:38","USD/SEK","UP","44.9","-0.02","0.0018","UP","51","0","UP","51","0.001","8.53095","0.0097","0.0067","0.0018","0.0042","0.0091","0.0109","0.0156","0.0197","0.0343","0.0486"
"2016-09-06","11:04:54","USD/NOK","UP","51.9","-0.08","6e-04","UP","48.1","3e-04","UP","51","7e-04","8.25154","0.0115","0.0078","0.002","0.0052","0.0102","0.0121","0.0176","0.0242","0.0414","0.0597"
"2016-09-06","11:05:05","EUR/JPY","UP","50","-0.08","0.0095","UP","55.1","9e-04","UP","55.1","0.0036","115.395","0.1078","0.0788","0.025","0.057","0.1103","0.125","0.1733","0.2019","0.3505","0.553"
"2016-09-06","11:05:16","XAU/USD","DOWN","46.4","-0.08","-0.1198","DOWN","53.3","-9e-04","UP","53.3","0.0058","1328.82","2.0341","1.258","0.3554","0.8225","1.6038","1.8589","2.7678","3.4228","8.0226","15.183"
"2016-09-06","11:05:25","XAG/USD","UP","46.2","-0.01","3e-04","UP","49.3","3e-04","UP","49.3","3e-04","19.53584","0.0546","0.0363","0.0109","0.0251","0.0461","0.0532","0.0751","0.1104","0.1913","0.3406"
"2016-09-06","11:05:35","XPD/USD","DOWN","50","-0.06","-0.1907","UP","51.1","0.0062","DOWN","51.1","-0.0101","682.596","2.857","1.8169","0.4632","1.143","2.3331","2.7488","4.2172","5.4704","10.0774","22.708"
"2016-09-06","11:05:46","XPT/USD","DOWN","49.1","0.05","-0.0689","DOWN","48.1","-0.0025","DOWN","48.1","-0.0014","1077.567","2.9532","2.0166","0.54","1.3665","2.6299","3.1028","4.5824","6.5389","10.8217","12.12"
"2016-09-06","11:05:57","SPX500/USD","DOWN","45.5","-0.03","-0.048","DOWN","51.7","-0.0024","DOWN","51.7","-0.2837","2181.4","1.9301","1.2855","0.4","0.8","1.7","2","3.07","4.1","7.6128","11.1"
"2016-09-06","11:06:10","WTICO_USD","DOWN","56.4","-0.02","-0.0028","UP","51.6","0.002","UP","57.8","0.003","44.477","0.1989","0.1252","0.031","0.078","0.151","0.189","0.2868","0.3755","0.7906","1.463"
"2016-09-06","11:06:19","BCO/USD","DOWN","50","-0.01","-0.01","UP","50.4","6e-04","UP","50.4","0","46.834","0.2142","0.1378","0.0392","0.09","0.178","0.2059","0.3134","0.406","0.8157","1.487"
"2016-09-06","12:02:03","EUR/USD","UP","49.5","-0.03","0","UP","54","0","UP","54","0","1.11637","9e-04","6e-04","2e-04","4e-04","8e-04","0.001","0.0013","0.0016","0.0028","0.0059"
"2016-09-06","12:02:13","USD/JPY","DOWN","47.3","-0.01","-0.0081","UP","46.7","0","DOWN","46.7","-0.0028","103.257","0.126","0.084","0.026","0.0585","0.11","0.123","0.18","0.2316","0.4432","1.028"
"2016-09-06","12:02:21","GBP/USD","UP","52.4","-0.09","0","UP","53.7","0","UP","53.7","0","1.33388","0.0015","0.001","3e-04","7e-04","0.0013","0.0015","0.0023","0.0032","0.0053","0.0122"
"2016-09-06","12:02:31","USD/CHF","UP","49.8","-0.06","0","UP","48.6","0","UP","48.6","0","0.97898","9e-04","6e-04","2e-04","4e-04","8e-04","9e-04","0.0012","0.0017","0.0032","0.0054"
"2016-09-06","12:02:40","AUD/USD","UP","51.1","-0.01","1e-04","UP","48.6","0","UP","48.6","0","0.76387","9e-04","6e-04","2e-04","5e-04","8e-04","0.001","0.0014","0.0019","0.0035","0.0057"
"2016-09-06","12:02:48","USD/CAD","UP","47.3","-0.08","0","UP","49.2","0","UP","49.2","0","1.28947","0.0012","8e-04","3e-04","6e-04","0.0011","0.0012","0.0017","0.0026","0.0045","0.0072"
"2016-09-06","12:02:56","EUR/CHF","UP","56.5","-0.12","1e-04","UP","54","0","UP","54","0","1.093","5e-04","4e-04","1e-04","3e-04","5e-04","5e-04","8e-04","0.0011","0.0018","0.0035"
"2016-09-06","12:03:03","EUR/GBP","UP","47.9","-0.01","1e-04","UP","46.7","0","UP","46.7","0","0.83689","9e-04","6e-04","2e-04","4e-04","8e-04","9e-04","0.0013","0.0018","0.003","0.0063"
"2016-09-06","12:03:11","NZD/USD","UP","48.6","-0.06","1e-04","UP","52.4","0","UP","52.4","0","0.73424","0.0011","8e-04","2e-04","6e-04","0.0011","0.0012","0.0016","0.002","0.004","0.0073"
"2016-09-06","12:03:19","EUR/SEK","UP","54","-0.11","7e-04","UP","51.4","0","UP","51.4","8e-04","9.52705","0.0073","0.0049","0.0012","0.003","0.0066","0.0081","0.0119","0.016","0.0244","0.0442"
"2016-09-06","12:03:31","EUR/NOK","UP","53","-0.11","0.0012","UP","53.3","1e-04","UP","52.7","6e-04","9.20575","0.0095","0.0063","0.0015","0.004","0.0085","0.0096","0.0153","0.0194","0.0322","0.0597"
"2016-09-06","12:03:42","USD/SEK","UP","45.1","-0.02","0.0012","UP","51.1","0","UP","51.1","7e-04","8.53352","0.0097","0.0067","0.0018","0.0042","0.0091","0.0109","0.0155","0.0197","0.0343","0.0486"
"2016-09-06","12:03:53","USD/NOK","UP","52.1","-0.08","9e-04","UP","48.3","0","UP","51.1","7e-04","8.24573","0.0115","0.0078","0.002","0.0052","0.0102","0.0121","0.0175","0.0242","0.0414","0.0597"
"2016-09-06","12:04:02","EUR/JPY","DOWN","50.2","-0.08","-0.0075","UP","55.2","7e-04","DOWN","55.2","-0.0059","115.277","0.1079","0.0789","0.025","0.0575","0.1111","0.1258","0.1732","0.2018","0.3505","0.553"
"2016-09-06","12:04:10","XAU/USD","DOWN","45.9","-0.07","-0.0502","DOWN","52.8","-0.0228","UP","52.8","0.0052","1330.884","2.0338","1.2595","0.3557","0.827","1.6091","1.859","2.7607","3.4116","8.0135","15.183"
"2016-09-06","12:04:17","XAG/USD","DOWN","45.9","-0.01","-7e-04","UP","49","0","UP","49","0","19.54864","0.0544","0.0362","0.0109","0.0247","0.0456","0.053","0.075","0.11","0.191","0.3406"
"2016-09-06","12:04:25","XPD/USD","UP","49.7","-0.06","0.292","DOWN","51","-0.0103","UP","51","0.0324","685.037","2.8532","1.8145","0.4627","1.143","2.3374","2.746","4.2124","5.4595","10.0757","22.708"
"2016-09-06","12:04:35","XPT/USD","DOWN","49","0.05","-0.0024","DOWN","47.9","-0.0425","DOWN","47.9","-0.0331","1085.315","2.9744","2.0303","0.54","1.379","2.6428","3.1092","4.6569","6.5622","10.8209","12.12"
"2016-09-06","12:04:43","SPX500/USD","DOWN","45.4","-0.03","-0.0172","DOWN","51.5","-1e-04","DOWN","51.5","-0.2845","2181.5","1.9281","1.2831","0.3937","0.8","1.7","2","3.06","4.1","7.6058","11.1"
"2016-09-06","12:04:54","WTICO_USD","UP","55.9","-0.02","0.0041","UP","51","0.0017","UP","57.2","0.0079","44.577","0.1987","0.1251","0.031","0.078","0.151","0.189","0.2867","0.3751","0.79","1.463"
"2016-09-06","12:05:00","BCO/USD","UP","49.4","-0.01","0.0152","UP","49.8","7e-04","UP","49.8","0.01","47.063","0.2142","0.1379","0.0394","0.09","0.178","0.2075","0.3126","0.4047","0.8152","1.487"
"2016-09-06","14:02:51","EUR/USD","UP","49.5","-0.03","0","UP","53.9","0","UP","53.9","0","1.1158","9e-04","6e-04","2e-04","4e-04","8e-04","0.001","0.0013","0.0016","0.0028","0.0059"
"2016-09-06","14:03:05","USD/JPY","UP","47.6","-0.01","7e-04","UP","46.7","0","UP","46.7","0","103.389","0.1258","0.084","0.026","0.0585","0.11","0.123","0.18","0.2311","0.4428","1.028"
"2016-09-06","14:03:15","GBP/USD","DOWN","52.4","-0.09","-1e-04","UP","54.3","0","DOWN","54.3","-1e-04","1.33501","0.0015","0.001","3e-04","7e-04","0.0013","0.0015","0.0023","0.0032","0.0053","0.0122"
"2016-09-06","14:03:29","USD/CHF","DOWN","49.5","-0.06","-1e-04","UP","48.6","0","UP","48.6","0","0.97862","9e-04","6e-04","2e-04","4e-04","7e-04","9e-04","0.0012","0.0017","0.0032","0.0054"
"2016-09-06","14:03:43","AUD/USD","UP","51.1","-0.01","0","UP","48.6","0","UP","48.6","0","0.76273","9e-04","6e-04","2e-04","5e-04","8e-04","0.001","0.0014","0.0019","0.0035","0.0057"
"2016-09-06","14:03:54","USD/CAD","UP","47","-0.08","0","UP","49.5","0","UP","49.5","0","1.2909","0.0012","8e-04","3e-04","6e-04","0.0011","0.0013","0.0017","0.0026","0.0045","0.0072"
"2016-09-06","14:04:05","EUR/CHF","UP","55.8","-0.12","1e-04","UP","53.3","0","UP","53.3","1e-04","1.09199","5e-04","4e-04","1e-04","3e-04","5e-04","5e-04","8e-04","0.0011","0.0018","0.0035"
"2016-09-06","14:04:15","EUR/GBP","UP","47.6","-0.01","1e-04","UP","46.7","0","UP","46.7","0","0.83546","9e-04","6e-04","2e-04","4e-04","8e-04","9e-04","0.0013","0.0018","0.003","0.0063"
"2016-09-06","14:04:26","NZD/USD","UP","48.3","-0.06","0","UP","52.4","0","UP","52.4","0","0.73379","0.0011","8e-04","2e-04","6e-04","0.0011","0.0012","0.0016","0.002","0.004","0.0073"
"2016-09-06","14:04:36","EUR/SEK","DOWN","54.3","-0.11","-8e-04","DOWN","51.1","-2e-04","DOWN","51.1","-3e-04","9.53526","0.0073","0.0049","0.0012","0.003","0.0066","0.0081","0.0119","0.0159","0.0244","0.0442"
"2016-09-06","14:04:52","EUR/NOK","DOWN","53","-0.11","-6e-04","UP","53.3","0","DOWN","52.7","-1e-04","9.2094","0.0095","0.0063","0.0015","0.004","0.0085","0.0096","0.0152","0.0194","0.0322","0.0597"
"2016-09-06","14:05:06","USD/SEK","DOWN","45.4","-0.02","-8e-04","DOWN","51.4","-1e-04","DOWN","51.4","-2e-04","8.54623","0.0097","0.0066","0.0018","0.0042","0.0091","0.0109","0.0155","0.0197","0.0343","0.0486"
"2016-09-06","14:05:21","USD/NOK","DOWN","52.1","-0.08","-6e-04","DOWN","47.9","-2e-04","DOWN","51.1","-3e-04","8.25435","0.0115","0.0078","0.002","0.0052","0.0102","0.0121","0.0175","0.0242","0.0414","0.0597"
"2016-09-06","14:05:33","EUR/JPY","UP","50.2","-0.08","0.0068","UP","55.2","0.0028","UP","55.2","0.0019","115.345","0.1078","0.0789","0.026","0.0575","0.1106","0.1254","0.173","0.2016","0.3505","0.553"
"2016-09-06","14:05:44","XAU/USD","DOWN","45.9","-0.07","-0.2188","DOWN","52.7","-9e-04","UP","52.7","0.0052","1332.47","2.0306","1.2578","0.3566","0.827","1.6051","1.859","2.7465","3.3891","7.9952","15.183"
"2016-09-06","14:05:55","XAG/USD","DOWN","45.9","-0.01","-4e-04","DOWN","49","-1e-04","DOWN","49","-1e-04","19.56807","0.0543","0.0361","0.0108","0.0247","0.0452","0.0529","0.0749","0.1096","0.1907","0.3406"
"2016-09-06","14:06:07","XPD/USD","UP","50","-0.06","0.073","DOWN","50.7","-0.0215","DOWN","50.7","-0.0277","687.313","2.8486","1.8117","0.4622","1.143","2.3331","2.7432","4.205","5.4486","10.074","22.708"
"2016-09-06","14:06:19","XPT/USD","DOWN","49.3","0.05","-0.242","UP","48.3","0.0285","UP","48.3","0.0285","1085.504","2.9687","2.0241","0.5402","1.354","2.6357","3.106","4.6375","6.559","10.8193","12.12"
"2016-09-06","14:06:30","SPX500/USD","UP","46.1","-0.03","0.0452","UP","51.5","0.0018","DOWN","51.5","-0.2504","2181","1.9247","1.2809","0.4","0.8","1.7","2","3.04","4.1","7.5918","11.1"
"2016-09-06","14:06:44","WTICO_USD","DOWN","55.5","-0.02","-0.0251","UP","51","0","DOWN","57.2","-0.0092","44.311","0.1989","0.1251","0.031","0.078","0.151","0.1905","0.2895","0.3744","0.7888","1.463"
"2016-09-06","14:06:53","BCO/USD","DOWN","49.4","-0.01","-0.0102","DOWN","49.8","-1e-04","DOWN","49.8","-0.0033","46.905","0.214","0.1377","0.039","0.09","0.1781","0.2084","0.311","0.4021","0.8144","1.487"
"2016-09-06","15:02:49","EUR/USD","UP","49.1","-0.03","1e-04","UP","53.5","0","UP","53.5","0","1.11576","9e-04","6e-04","2e-04","4e-04","8e-04","0.001","0.0013","0.0016","0.0028","0.0059"
"2016-09-06","15:03:03","USD/JPY","DOWN","47.5","-0.01","-0.0032","DOWN","46.5","-1e-04","DOWN","46.5","-0.0014","103.363","0.1257","0.0839","0.026","0.058","0.11","0.123","0.1798","0.2308","0.4426","1.028"
"2016-09-06","15:03:14","GBP/USD","DOWN","52.2","-0.09","-1e-04","UP","54.1","0","UP","54.1","0","1.33449","0.0015","0.001","3e-04","7e-04","0.0013","0.0015","0.0023","0.0032","0.0053","0.0122"
"2016-09-06","15:03:28","USD/CHF","UP","49.7","-0.06","0","UP","48.7","0","UP","48.7","0","0.97896","9e-04","6e-04","2e-04","4e-04","7e-04","9e-04","0.0012","0.0017","0.0032","0.0054"
"2016-09-06","15:03:42","AUD/USD","UP","51.6","-0.01","0","UP","49.1","0","UP","49.1","0","0.76164","9e-04","6e-04","2e-04","5e-04","8e-04","0.001","0.0014","0.0019","0.0035","0.0057"
"2016-09-06","15:03:53","USD/CAD","UP","47.2","-0.07","0","UP","49.7","0","UP","49.7","0","1.29208","0.0012","8e-04","3e-04","6e-04","0.0011","0.0013","0.0017","0.0026","0.0045","0.0072"
"2016-09-06","15:04:04","EUR/CHF","UP","56.3","-0.12","0","UP","53.5","0","UP","53.5","0","1.0924","5e-04","4e-04","1e-04","3e-04","5e-04","5e-04","8e-04","0.0011","0.0018","0.0035"
"2016-09-06","15:04:14","EUR/GBP","UP","47.8","-0.02","1e-04","UP","47.2","0","UP","47.2","0","0.83602","9e-04","6e-04","2e-04","4e-04","8e-04","9e-04","0.0013","0.0018","0.003","0.0063"
"2016-09-06","15:04:25","NZD/USD","UP","48.7","-0.05","0","UP","51.9","0","UP","51.9","0","0.73343","0.0011","8e-04","2e-04","6e-04","0.0011","0.0012","0.0016","0.002","0.004","0.0073"
"2016-09-06","15:04:36","EUR/SEK","UP","54.1","-0.11","4e-04","UP","51.3","2e-04","UP","51.3","6e-04","9.52759","0.0073","0.0049","0.0012","0.003","0.0066","0.0081","0.0119","0.0159","0.0244","0.0442"
"2016-09-06","15:04:51","EUR/NOK","DOWN","52.5","-0.11","-0.001","DOWN","52.8","-2e-04","DOWN","52.2","-8e-04","9.22031","0.0095","0.0063","0.0015","0.004","0.0086","0.0096","0.0152","0.0193","0.0322","0.0597"
"2016-09-06","15:05:03","USD/SEK","DOWN","45.3","-0.02","-3e-04","UP","51.3","0","UP","51.3","2e-04","8.53747","0.0096","0.0066","0.0018","0.0042","0.0091","0.0109","0.0155","0.0197","0.0342","0.0486"
"2016-09-06","15:05:18","USD/NOK","DOWN","51.9","-0.08","-6e-04","DOWN","47.8","-1e-04","DOWN","50.9","-6e-04","8.26182","0.0115","0.0078","0.002","0.0053","0.0102","0.0121","0.0174","0.0242","0.0414","0.0597"
"2016-09-06","15:05:29","EUR/JPY","DOWN","50","-0.08","-0.0051","UP","55","7e-04","DOWN","55","-0.001","115.323","0.1077","0.0788","0.0257","0.057","0.1103","0.1252","0.1729","0.2015","0.3505","0.553"
"2016-09-06","15:05:39","XAU/USD","DOWN","45.7","-0.07","-0.0829","UP","52.6","0.0281","UP","52.6","0.0573","1333.733","2.0302","1.2598","0.3599","0.8295","1.6116","1.859","2.7394","3.3778","7.9861","15.183"
"2016-09-06","15:05:48","XAG/USD","UP","46.1","-0.01","7e-04","UP","48.8","0","UP","48.8","0","19.60181","0.0543","0.0361","0.0108","0.0247","0.0451","0.0528","0.0749","0.1094","0.1905","0.3406"
"2016-09-06","15:05:58","XPD/USD","UP","50.2","-0.06","0.27","UP","50.9","0.0722","UP","50.9","0.1476","688.325","2.8491","1.8159","0.4634","1.165","2.3402","2.7488","4.2","5.4432","10.0731","22.708"
"2016-09-06","15:06:09","XPT/USD","DOWN","49.5","0.05","-0.0412","DOWN","48.5","-0.0595","DOWN","48.5","-0.0556","1087.181","2.9702","2.0281","0.5404","1.3665","2.6451","3.115","4.6278","6.5574","10.8185","12.12"
"2016-09-06","15:06:20","SPX500/USD","UP","45.9","-0.03","0.0545","DOWN","51.4","-0.0097","DOWN","51.4","-0.2481","2181","1.9231","1.2803","0.4","0.8","1.7","2","3.03","4.0962","7.5848","11.1"
"2016-09-06","15:06:34","WTICO_USD","DOWN","55.6","-0.01","-0.0343","DOWN","51.2","-4e-04","DOWN","57.3","-0.0103","43.865","0.1998","0.1259","0.031","0.078","0.1544","0.1935","0.2952","0.3811","0.7882","1.463"
"2016-09-06","15:06:42","BCO/USD","DOWN","49.6","0","-0.0245","DOWN","50","-1e-04","DOWN","50","-0.0101","46.457","0.2148","0.1384","0.039","0.09","0.1788","0.2099","0.3182","0.4221","0.814","1.487"
"2016-09-06","17:02:53","EUR/USD","UP","49.4","-0.01","2e-04","UP","54.1","0","UP","54.1","2e-04","1.12439","9e-04","6e-04","2e-04","4e-04","8e-04","0.001","0.0013","0.0017","0.0034","0.0076"
"2016-09-06","17:03:07","USD/JPY","DOWN","47.8","0.01","-0.0461","DOWN","47.2","-1e-04","DOWN","47.2","-0.0146","102.187","0.1333","0.0858","0.026","0.059","0.11","0.123","0.18","0.234","0.485","1.028"
"2016-09-06","17:03:18","GBP/USD","DOWN","52.2","-0.07","-4e-04","DOWN","54.1","-1e-04","DOWN","54.1","-3e-04","1.34315","0.0016","0.001","3e-04","7e-04","0.0013","0.0015","0.0023","0.0033","0.0053","0.0122"
"2016-09-06","17:03:36","USD/CHF","DOWN","50","-0.05","-4e-04","UP","48.8","0","DOWN","48.8","-3e-04","0.97199","9e-04","6e-04","2e-04","4e-04","8e-04","9e-04","0.0012","0.0018","0.0035","0.0071"
"2016-09-06","17:03:52","AUD/USD","DOWN","51.6","0","-1e-04","UP","49.1","0","UP","49.1","0","0.7675","0.001","7e-04","2e-04","5e-04","8e-04","0.001","0.0014","0.0019","0.0037","0.0057"
"2016-09-06","17:04:04","USD/CAD","DOWN","46.9","-0.07","-1e-04","UP","49.7","0","DOWN","49.7","-1e-04","1.28375","0.0013","9e-04","3e-04","6e-04","0.0011","0.0013","0.0017","0.0027","0.005","0.0076"
"2016-09-06","17:04:17","EUR/CHF","UP","56.2","-0.12","0","UP","53.8","0","UP","53.8","0","1.09269","5e-04","4e-04","1e-04","3e-04","5e-04","5e-04","8e-04","0.0011","0.0018","0.0035"
"2016-09-06","17:04:29","EUR/GBP","UP","47.8","-0.04","0","UP","47.2","0","DOWN","47.2","-1e-04","0.83685","9e-04","6e-04","2e-04","4e-04","8e-04","9e-04","0.0014","0.0019","0.0033","0.0063"
"2016-09-06","17:04:41","NZD/USD","UP","48.8","-0.04","4e-04","UP","52.2","0","UP","52.2","2e-04","0.7408","0.0011","8e-04","2e-04","6e-04","0.0011","0.0012","0.0016","0.002","0.0044","0.0073"
"2016-09-06","17:04:54","EUR/SEK","UP","54.1","-0.11","8e-04","DOWN","51.2","-3e-04","UP","51.2","6e-04","9.52274","0.0073","0.0049","0.0012","0.0031","0.0066","0.0081","0.0118","0.0159","0.0244","0.0442"
"2016-09-06","17:05:12","EUR/NOK","UP","52.8","-0.11","0.0013","DOWN","53.1","-4e-04","UP","52.5","2e-04","9.20775","0.0095","0.0064","0.0015","0.0041","0.0086","0.0097","0.0154","0.0193","0.0322","0.0597"
"2016-09-06","17:05:27","USD/SEK","UP","45","-0.02","0.0046","UP","51.2","0","UP","51.2","0.0027","8.4704","0.01","0.0067","0.0018","0.0042","0.0091","0.0109","0.0156","0.0199","0.0348","0.0647"
"2016-09-06","17:05:44","USD/NOK","UP","52.5","-0.08","0.0052","UP","48.1","2e-04","UP","48.1","0.0033","8.19163","0.0119","0.0079","0.002","0.0053","0.0103","0.0122","0.0177","0.0246","0.0428","0.0721"
"2016-09-06","17:05:57","EUR/JPY","DOWN","49.7","-0.08","-0.0117","DOWN","55","-7e-04","DOWN","55","-0.0129","114.91","0.1086","0.0794","0.026","0.058","0.1118","0.1258","0.1737","0.2047","0.3504","0.553"
"2016-09-06","17:06:09","XAU/USD","DOWN","45.1","-0.07","-0.0522","DOWN","51.9","-0.0355","UP","51.9","0.0597","1340.181","2.0419","1.2656","0.3559","0.8295","1.6169","1.859","2.784","3.5803","7.9678","15.183"
"2016-09-06","17:06:19","XAG/USD","UP","45.4","-0.01","3e-04","UP","49.2","0","UP","49.2","0","19.77053","0.0546","0.0363","0.0109","0.0249","0.0453","0.053","0.0751","0.1132","0.1901","0.3406"
"2016-09-06","17:06:30","XPD/USD","UP","50.5","-0.07","0.2908","UP","51.2","0.0335","UP","51.2","0.2519","693.717","2.8731","1.8322","0.4639","1.165","2.3504","2.7807","4.2244","5.5292","10.0714","22.708"
"2016-09-06","17:06:42","XPT/USD","DOWN","49.8","0.04","-0.2252","DOWN","48.8","-0.0373","DOWN","48.8","-0.032","1091.918","2.9786","2.0354","0.5409","1.3885","2.6514","3.1288","4.7068","6.555","10.8169","12.12"
"2016-09-06","17:06:54","SPX500/USD","UP","45.6","-0.03","0.2063","UP","51","1e-04","UP","51","0.006","2176.6","1.9309","1.2853","0.4","0.8","1.7","2","3.1","4.1","7.5708","11.1"
"2016-09-06","17:07:08","WTICO_USD","UP","55.6","-0.01","0.0088","UP","51.2","4e-04","UP","57.3","0.0073","43.886","0.1998","0.1262","0.031","0.078","0.1571","0.1953","0.2936","0.3804","0.787","1.463"
"2016-09-06","17:07:17","BCO/USD","UP","50","0","0.0173","DOWN","50.4","-1e-04","UP","50.4","0.0073","46.458","0.2152","0.1391","0.039","0.091","0.1803","0.2148","0.3166","0.4213","0.8131","1.487"
"2016-09-06","18:02:26","EUR/USD","DOWN","48.9","-0.03","-5e-04","UP","53.6","0","DOWN","53.6","-2e-04","1.12359","9e-04","6e-04","2e-04","4e-04","8e-04","0.001","0.0013","0.0017","0.0034","0.0076"
"2016-09-06","18:02:40","USD/JPY","UP","47.4","0","0.0329","UP","46.7","0","UP","46.7","0","102.272","0.1331","0.0857","0.026","0.0595","0.11","0.123","0.18","0.2338","0.4843","1.028"
"2016-09-06","18:02:51","GBP/USD","DOWN","52.3","-0.08","-2e-04","UP","54.2","0","DOWN","54.2","-2e-04","1.34285","0.0016","0.001","3e-04","7e-04","0.0013","0.0015","0.0023","0.0033","0.0053","0.0122"
"2016-09-06","18:03:06","USD/CHF","UP","49.8","-0.05","1e-04","UP","48.6","0","UP","48.6","2e-04","0.97188","9e-04","6e-04","2e-04","4e-04","7e-04","9e-04","0.0012","0.0018","0.0035","0.0071"
"2016-09-06","18:03:18","AUD/USD","DOWN","51.4","-0.01","-5e-04","UP","48.6","0","UP","48.6","0","0.76747","0.001","7e-04","2e-04","5e-04","8e-04","0.001","0.0014","0.0019","0.0037","0.0057"
"2016-09-06","18:03:29","USD/CAD","UP","46.7","-0.07","3e-04","UP","49.2","0","UP","49.2","1e-04","1.28403","0.0013","9e-04","3e-04","6e-04","0.0011","0.0013","0.0017","0.0027","0.0049","0.0076"
"2016-09-06","18:03:44","EUR/CHF","UP","56.7","-0.12","1e-04","UP","53.6","0","UP","53.6","0","1.09212","5e-04","4e-04","1e-04","3e-04","5e-04","5e-04","8e-04","0.0011","0.0017","0.0035"
"2016-09-06","18:03:56","EUR/GBP","DOWN","48","-0.04","-4e-04","UP","47.7","0","UP","47.7","0","0.83663","9e-04","6e-04","2e-04","4e-04","8e-04","9e-04","0.0014","0.0019","0.0033","0.0063"
"2016-09-06","18:04:07","NZD/USD","DOWN","48.6","-0.05","-7e-04","UP","52","0","DOWN","52","-2e-04","0.74064","0.0011","8e-04","2e-04","6e-04","0.0011","0.0012","0.0016","0.002","0.0044","0.0073"
"2016-09-06","18:04:19","EUR/SEK","UP","53.9","-0.11","4e-04","UP","51.4","0","UP","51.4","6e-04","9.52131","0.0073","0.0049","0.0012","0.003","0.0066","0.008","0.0118","0.0159","0.0244","0.0442"
"2016-09-06","18:04:36","EUR/NOK","UP","52.3","-0.11","5e-04","UP","52.6","3e-04","UP","52","8e-04","9.1974","0.0095","0.0063","0.0015","0.004","0.0086","0.0097","0.0154","0.0193","0.0322","0.0597"
"2016-09-06","18:04:49","USD/SEK","UP","45.2","-0.02","0.006","UP","51.4","0","UP","51.4","0.0019","8.47419","0.01","0.0067","0.0018","0.0043","0.0091","0.0109","0.0156","0.0199","0.0348","0.0647"
"2016-09-06","18:05:06","USD/NOK","UP","52","-0.07","0.0023","UP","47.7","1e-04","UP","47.7","0.0022","8.18596","0.0119","0.0079","0.002","0.0052","0.0102","0.0122","0.0177","0.0246","0.0428","0.0721"
"2016-09-06","18:05:18","EUR/JPY","UP","49.8","-0.08","0.0154","UP","55.1","0","UP","55.1","0.0063","114.915","0.1085","0.0792","0.026","0.0575","0.1116","0.1256","0.1736","0.2045","0.3504","0.553"
"2016-09-06","18:05:30","XAU/USD","DOWN","44.9","-0.07","-0.049","DOWN","51.7","-0.0245","DOWN","51.7","-0.0352","1340.427","2.0399","1.2635","0.3552","0.827","1.6141","1.859","2.783","3.5691","7.9587","15.183"
"2016-09-06","18:05:40","XAG/USD","DOWN","45.6","-0.01","-6e-04","DOWN","49.7","-1e-04","DOWN","49.7","-1e-04","19.79418","0.0545","0.0363","0.0109","0.0247","0.0452","0.053","0.0751","0.1129","0.19","0.3406"
"2016-09-06","18:05:52","XPD/USD","UP","50","-0.07","1.4281","DOWN","50.7","-0.0056","DOWN","50.7","-0.032","695.052","2.8698","1.8269","0.4622","1.156","2.3491","2.7801","4.222","5.5291","10.0706","22.708"
"2016-09-06","18:06:05","XPT/USD","UP","49.3","0.04","0.3897","UP","48.3","0.0019","UP","48.3","0.0028","1094.024","2.9762","2.0328","0.5402","1.379","2.6473","3.1242","4.6964","6.5538","10.8161","12.12"
"2016-09-06","18:06:16","SPX500/USD","UP","45.8","-0.05","0.1403","DOWN","51.2","-0.014","DOWN","51.2","-0.319","2182.2","1.9448","1.294","0.4","0.8","1.7","2","3.1","4.1812","7.5638","11.1"
"2016-09-06","18:06:31","WTICO_USD","UP","55.7","-0.01","0.003","UP","51.4","1e-04","UP","57.4","0.0012","44.073","0.1997","0.1262","0.031","0.078","0.1578","0.1947","0.2928","0.38","0.7864","1.463"
"2016-09-06","18:06:40","BCO/USD","DOWN","50.2","0","-0.0087","UP","50.6","0","UP","50.6","0","46.628","0.2152","0.1392","0.039","0.091","0.1801","0.2146","0.3158","0.4209","0.8127","1.487"
